"","subject","item","response","subscale","reverse"
"1",44,"EXT1",NA,"extra",FALSE
"2",44,"EXT2",1,"extra",TRUE
"3",44,"EXT3",4,"extra",FALSE
"4",44,"EXT4",1,"extra",TRUE
"5",44,"EXT5",5,"extra",FALSE
"6",44,"EXT6",2,"extra",TRUE
"7",44,"EXT7",2,"extra",FALSE
"8",44,"EXT8",5,"extra",TRUE
"9",44,"EXT9",1,"extra",FALSE
"10",44,"EXT10",3,"extra",TRUE
"11",44,"EST1",4,"neuro",FALSE
"12",44,"EST3",5,"neuro",FALSE
"13",44,"EST4",2,"neuro",TRUE
"14",44,"EST5",4,"neuro",FALSE
"15",44,"EST6",4,"neuro",FALSE
"16",44,"EST7",1,"neuro",FALSE
"17",44,"EST8",1,"neuro",FALSE
"18",44,"EST9",2,"neuro",FALSE
"19",44,"EST10",4,"neuro",FALSE
"20",44,"AGR1",5,"agree",TRUE
"21",44,"AGR2",5,"agree",FALSE
"22",44,"AGR3",1,"agree",TRUE
"23",44,"AGR4",5,"agree",FALSE
"24",44,"AGR5",1,"agree",TRUE
"25",44,"AGR6",5,"agree",FALSE
"26",44,"AGR7",1,"agree",TRUE
"27",44,"AGR8",5,"agree",FALSE
"28",44,"AGR9",5,"agree",FALSE
"29",44,"AGR10",5,"agree",FALSE
"30",44,"CSN1",2,"consc",FALSE
"31",44,"CSN2",2,"consc",TRUE
"32",44,"CSN3",2,"consc",FALSE
"33",44,"CSN4",3,"consc",TRUE
"34",44,"CSN5",1,"consc",FALSE
"35",44,"CSN6",3,"consc",TRUE
"36",44,"CSN7",1,"consc",FALSE
"37",44,"CSN8",1,"consc",TRUE
"38",44,"CSN9",4,"consc",FALSE
"39",44,"CSN10",3,"consc",FALSE
"40",44,"OPN1",2,"open",FALSE
"41",44,"OPN2",1,"open",TRUE
"42",44,"OPN3",2,"open",FALSE
"43",44,"OPN4",1,"open",TRUE
"44",44,"OPN5",2,"open",FALSE
"45",44,"OPN6",3,"open",TRUE
"46",44,"OPN7",4,"open",FALSE
"47",44,"OPN8",1,"open",FALSE
"48",44,"OPN9",4,"open",FALSE
"49",44,"OPN10",3,"open",FALSE
"50",355,"EXT1",3,"extra",FALSE
"51",355,"EXT2",1,"extra",TRUE
"52",355,"EXT3",5,"extra",FALSE
"53",355,"EXT4",3,"extra",TRUE
"54",355,"EXT5",5,"extra",FALSE
"55",355,"EXT6",1,"extra",TRUE
"56",355,"EXT7",5,"extra",FALSE
"57",355,"EXT8",4,"extra",TRUE
"58",355,"EXT9",2,"extra",FALSE
"59",355,"EXT10",2,"extra",TRUE
"60",355,"EST1",4,"neuro",FALSE
"61",355,"EST2",4,"neuro",TRUE
"62",355,"EST3",5,"neuro",FALSE
"63",355,"EST4",2,"neuro",TRUE
"64",355,"EST5",4,"neuro",FALSE
"65",355,"EST6",2,"neuro",FALSE
"66",355,"EST7",3,"neuro",FALSE
"67",355,"EST8",2,"neuro",FALSE
"68",355,"EST9",3,"neuro",FALSE
"69",355,"EST10",3,"neuro",FALSE
"70",355,"AGR1",1,"agree",TRUE
"71",355,"AGR2",5,"agree",FALSE
"72",355,"AGR3",1,"agree",TRUE
"73",355,"AGR4",5,"agree",FALSE
"74",355,"AGR5",1,"agree",TRUE
"75",355,"AGR6",5,"agree",FALSE
"76",355,"AGR7",1,"agree",TRUE
"77",355,"AGR8",5,"agree",FALSE
"78",355,"AGR9",5,"agree",FALSE
"79",355,"AGR10",5,"agree",FALSE
"80",355,"CSN1",3,"consc",FALSE
"81",355,"CSN2",5,"consc",TRUE
"82",355,"CSN3",5,"consc",FALSE
"83",355,"CSN4",2,"consc",TRUE
"84",355,"CSN5",2,"consc",FALSE
"85",355,"CSN6",2,"consc",TRUE
"86",355,"CSN7",5,"consc",FALSE
"87",355,"CSN8",1,"consc",TRUE
"88",355,"CSN9",5,"consc",FALSE
"89",355,"CSN10",5,"consc",FALSE
"90",355,"OPN1",4,"open",FALSE
"91",355,"OPN2",1,"open",TRUE
"92",355,"OPN3",5,"open",FALSE
"93",355,"OPN4",3,"open",TRUE
"94",355,"OPN5",3,"open",FALSE
"95",355,"OPN6",1,"open",TRUE
"96",355,"OPN7",5,"open",FALSE
"97",355,"OPN8",4,"open",FALSE
"98",355,"OPN9",5,"open",FALSE
"99",355,"OPN10",5,"open",FALSE
"100",473,"EXT1",1,"extra",FALSE
"101",473,"EXT2",4,"extra",TRUE
"102",473,"EXT3",1,"extra",FALSE
"103",473,"EXT4",5,"extra",TRUE
"104",473,"EXT5",2,"extra",FALSE
"105",473,"EXT6",4,"extra",TRUE
"106",473,"EXT7",1,"extra",FALSE
"107",473,"EXT8",5,"extra",TRUE
"108",473,"EXT9",1,"extra",FALSE
"109",473,"EXT10",5,"extra",TRUE
"110",473,"EST1",5,"neuro",FALSE
"111",473,"EST2",1,"neuro",TRUE
"112",473,"EST3",5,"neuro",FALSE
"113",473,"EST4",1,"neuro",TRUE
"114",473,"EST5",5,"neuro",FALSE
"115",473,"EST6",4,"neuro",FALSE
"116",473,"EST7",4,"neuro",FALSE
"117",473,"EST8",3,"neuro",FALSE
"118",473,"EST9",4,"neuro",FALSE
"119",473,"EST10",5,"neuro",FALSE
"120",473,"AGR1",2,"agree",TRUE
"121",473,"AGR2",3,"agree",FALSE
"122",473,"AGR3",1,"agree",TRUE
"123",473,"AGR4",4,"agree",FALSE
"124",473,"AGR5",4,"agree",TRUE
"125",473,"AGR6",4,"agree",FALSE
"126",473,"AGR7",4,"agree",TRUE
"127",473,"AGR8",3,"agree",FALSE
"128",473,"AGR9",4,"agree",FALSE
"129",473,"AGR10",3,"agree",FALSE
"130",473,"CSN1",4,"consc",FALSE
"131",473,"CSN2",1,"consc",TRUE
"132",473,"CSN3",5,"consc",FALSE
"133",473,"CSN4",3,"consc",TRUE
"134",473,"CSN5",2,"consc",FALSE
"135",473,"CSN6",1,"consc",TRUE
"136",473,"CSN7",3,"consc",FALSE
"137",473,"CSN8",2,"consc",TRUE
"138",473,"CSN9",3,"consc",FALSE
"139",473,"CSN10",4,"consc",FALSE
"140",473,"OPN1",4,"open",FALSE
"141",473,"OPN2",3,"open",TRUE
"142",473,"OPN3",4,"open",FALSE
"143",473,"OPN4",3,"open",TRUE
"144",473,"OPN5",4,"open",FALSE
"145",473,"OPN6",4,"open",TRUE
"146",473,"OPN7",4,"open",FALSE
"147",473,"OPN8",3,"open",FALSE
"148",473,"OPN9",4,"open",FALSE
"149",473,"OPN10",4,"open",FALSE
"150",4082,"EXT1",2,"extra",FALSE
"151",4082,"EXT2",4,"extra",TRUE
"152",4082,"EXT3",2,"extra",FALSE
"153",4082,"EXT4",4,"extra",TRUE
"154",4082,"EXT5",2,"extra",FALSE
"155",4082,"EXT6",3,"extra",TRUE
"156",4082,"EXT7",2,"extra",FALSE
"157",4082,"EXT8",5,"extra",TRUE
"158",4082,"EXT9",2,"extra",FALSE
"159",4082,"EXT10",4,"extra",TRUE
"160",4082,"EST1",5,"neuro",FALSE
"161",4082,"EST2",2,"neuro",TRUE
"162",4082,"EST3",5,"neuro",FALSE
"163",4082,"EST4",2,"neuro",TRUE
"164",4082,"EST5",3,"neuro",FALSE
"165",4082,"EST6",4,"neuro",FALSE
"166",4082,"EST7",3,"neuro",FALSE
"167",4082,"EST8",3,"neuro",FALSE
"168",4082,"EST9",2,"neuro",FALSE
"169",4082,"EST10",3,"neuro",FALSE
"170",4082,"AGR1",1,"agree",TRUE
"171",4082,"AGR2",4,"agree",FALSE
"172",4082,"AGR3",1,"agree",TRUE
"173",4082,"AGR4",4,"agree",FALSE
"174",4082,"AGR5",1,"agree",TRUE
"175",4082,"AGR6",4,"agree",FALSE
"176",4082,"AGR7",1,"agree",TRUE
"177",4082,"AGR8",4,"agree",FALSE
"178",4082,"AGR9",4,"agree",FALSE
"179",4082,"AGR10",3,"agree",FALSE
"180",4082,"CSN1",3,"consc",FALSE
"181",4082,"CSN2",3,"consc",TRUE
"182",4082,"CSN3",4,"consc",FALSE
"183",4082,"CSN4",3,"consc",TRUE
"184",4082,"CSN5",2,"consc",FALSE
"185",4082,"CSN6",4,"consc",TRUE
"186",4082,"CSN7",4,"consc",FALSE
"187",4082,"CSN8",2,"consc",TRUE
"188",4082,"CSN9",2,"consc",FALSE
"189",4082,"CSN10",3,"consc",FALSE
"190",4082,"OPN1",4,"open",FALSE
"191",4082,"OPN2",2,"open",TRUE
"192",4082,"OPN3",4,"open",FALSE
"193",4082,"OPN4",1,"open",TRUE
"194",4082,"OPN5",4,"open",FALSE
"195",4082,"OPN6",2,"open",TRUE
"196",4082,"OPN7",4,"open",FALSE
"197",4082,"OPN8",4,"open",FALSE
"198",4082,"OPN9",4,"open",FALSE
"199",4082,"OPN10",4,"open",FALSE
"200",5053,"EXT1",1,"extra",FALSE
"201",5053,"EXT2",4,"extra",TRUE
"202",5053,"EXT3",3,"extra",FALSE
"203",5053,"EXT4",4,"extra",TRUE
"204",5053,"EXT5",2,"extra",FALSE
"205",5053,"EXT6",3,"extra",TRUE
"206",5053,"EXT7",2,"extra",FALSE
"207",5053,"EXT8",5,"extra",TRUE
"208",5053,"EXT9",3,"extra",FALSE
"209",5053,"EXT10",4,"extra",TRUE
"210",5053,"EST1",2,"neuro",FALSE
"211",5053,"EST2",4,"neuro",TRUE
"212",5053,"EST3",4,"neuro",FALSE
"213",5053,"EST4",3,"neuro",TRUE
"214",5053,"EST5",2,"neuro",FALSE
"215",5053,"EST6",2,"neuro",FALSE
"216",5053,"EST7",2,"neuro",FALSE
"217",5053,"EST8",1,"neuro",FALSE
"218",5053,"EST9",1,"neuro",FALSE
"219",5053,"EST10",2,"neuro",FALSE
"220",5053,"AGR1",2,"agree",TRUE
"221",5053,"AGR2",4,"agree",FALSE
"222",5053,"AGR3",1,"agree",TRUE
"223",5053,"AGR4",4,"agree",FALSE
"224",5053,"AGR5",3,"agree",TRUE
"225",5053,"AGR6",4,"agree",FALSE
"226",5053,"AGR7",3,"agree",TRUE
"227",5053,"AGR8",3,"agree",FALSE
"228",5053,"AGR9",4,"agree",FALSE
"229",5053,"AGR10",3,"agree",FALSE
"230",5053,"CSN1",3,"consc",FALSE
"231",5053,"CSN2",3,"consc",TRUE
"232",5053,"CSN3",4,"consc",FALSE
"233",5053,"CSN4",2,"consc",TRUE
"234",5053,"CSN5",3,"consc",FALSE
"235",5053,"CSN6",3,"consc",TRUE
"236",5053,"CSN7",4,"consc",FALSE
"237",5053,"CSN8",1,"consc",TRUE
"238",5053,"CSN9",4,"consc",FALSE
"239",5053,"CSN10",4,"consc",FALSE
"240",5053,"OPN1",3,"open",FALSE
"241",5053,"OPN2",4,"open",TRUE
"242",5053,"OPN3",4,"open",FALSE
"243",5053,"OPN4",4,"open",TRUE
"244",5053,"OPN5",4,"open",FALSE
"245",5053,"OPN6",2,"open",TRUE
"246",5053,"OPN7",4,"open",FALSE
"247",5053,"OPN8",2,"open",FALSE
"248",5053,"OPN9",4,"open",FALSE
"249",5053,"OPN10",3,"open",FALSE
"250",5758,"EXT1",3,"extra",FALSE
"251",5758,"EXT2",4,"extra",TRUE
"252",5758,"EXT3",3,"extra",FALSE
"253",5758,"EXT4",3,"extra",TRUE
"254",5758,"EXT5",4,"extra",FALSE
"255",5758,"EXT6",2,"extra",TRUE
"256",5758,"EXT7",3,"extra",FALSE
"257",5758,"EXT8",3,"extra",TRUE
"258",5758,"EXT9",3,"extra",FALSE
"259",5758,"EXT10",2,"extra",TRUE
"260",5758,"EST1",1,"neuro",FALSE
"261",5758,"EST2",5,"neuro",TRUE
"262",5758,"EST3",4,"neuro",FALSE
"263",5758,"EST4",3,"neuro",TRUE
"264",5758,"EST5",4,"neuro",FALSE
"265",5758,"EST6",2,"neuro",FALSE
"266",5758,"EST7",1,"neuro",FALSE
"267",5758,"EST8",1,"neuro",FALSE
"268",5758,"EST9",1,"neuro",FALSE
"269",5758,"EST10",3,"neuro",FALSE
"270",5758,"AGR1",3,"agree",TRUE
"271",5758,"AGR2",3,"agree",FALSE
"272",5758,"AGR3",4,"agree",TRUE
"273",5758,"AGR4",3,"agree",FALSE
"274",5758,"AGR5",2,"agree",TRUE
"275",5758,"AGR6",3,"agree",FALSE
"276",5758,"AGR7",3,"agree",TRUE
"277",5758,"AGR8",3,"agree",FALSE
"278",5758,"AGR9",5,"agree",FALSE
"279",5758,"AGR10",4,"agree",FALSE
"280",5758,"CSN1",3,"consc",FALSE
"281",5758,"CSN2",1,"consc",TRUE
"282",5758,"CSN3",5,"consc",FALSE
"283",5758,"CSN4",1,"consc",TRUE
"284",5758,"CSN5",3,"consc",FALSE
"285",5758,"CSN6",1,"consc",TRUE
"286",5758,"CSN7",4,"consc",FALSE
"287",5758,"CSN8",1,"consc",TRUE
"288",5758,"CSN9",4,"consc",FALSE
"289",5758,"CSN10",5,"consc",FALSE
"290",5758,"OPN1",5,"open",FALSE
"291",5758,"OPN2",1,"open",TRUE
"292",5758,"OPN3",5,"open",FALSE
"293",5758,"OPN4",1,"open",TRUE
"294",5758,"OPN5",3,"open",FALSE
"295",5758,"OPN6",1,"open",TRUE
"296",5758,"OPN7",5,"open",FALSE
"297",5758,"OPN8",4,"open",FALSE
"298",5758,"OPN9",5,"open",FALSE
"299",5758,"OPN10",5,"open",FALSE
"300",6788,"EXT1",1,"extra",FALSE
"301",6788,"EXT2",4,"extra",TRUE
"302",6788,"EXT3",2,"extra",FALSE
"303",6788,"EXT4",4,"extra",TRUE
"304",6788,"EXT5",3,"extra",FALSE
"305",6788,"EXT6",4,"extra",TRUE
"306",6788,"EXT7",2,"extra",FALSE
"307",6788,"EXT8",4,"extra",TRUE
"308",6788,"EXT9",2,"extra",FALSE
"309",6788,"EXT10",4,"extra",TRUE
"310",6788,"EST1",3,"neuro",FALSE
"311",6788,"EST2",4,"neuro",TRUE
"312",6788,"EST3",4,"neuro",FALSE
"313",6788,"EST4",3,"neuro",TRUE
"314",6788,"EST5",3,"neuro",FALSE
"315",6788,"EST6",3,"neuro",FALSE
"316",6788,"EST7",3,"neuro",FALSE
"317",6788,"EST8",3,"neuro",FALSE
"318",6788,"EST9",3,"neuro",FALSE
"319",6788,"EST10",3,"neuro",FALSE
"320",6788,"AGR1",4,"agree",TRUE
"321",6788,"AGR2",4,"agree",FALSE
"322",6788,"AGR3",2,"agree",TRUE
"323",6788,"AGR4",4,"agree",FALSE
"324",6788,"AGR5",3,"agree",TRUE
"325",6788,"AGR6",4,"agree",FALSE
"326",6788,"AGR7",2,"agree",TRUE
"327",6788,"AGR8",3,"agree",FALSE
"328",6788,"AGR9",4,"agree",FALSE
"329",6788,"AGR10",3,"agree",FALSE
"330",6788,"CSN1",2,"consc",FALSE
"331",6788,"CSN2",4,"consc",TRUE
"332",6788,"CSN3",4,"consc",FALSE
"333",6788,"CSN4",3,"consc",TRUE
"334",6788,"CSN5",2,"consc",FALSE
"335",6788,"CSN6",4,"consc",TRUE
"336",6788,"CSN7",4,"consc",FALSE
"337",6788,"CSN8",4,"consc",TRUE
"338",6788,"CSN9",3,"consc",FALSE
"339",6788,"CSN10",3,"consc",FALSE
"340",6788,"OPN1",4,"open",FALSE
"341",6788,"OPN2",2,"open",TRUE
"342",6788,"OPN3",5,"open",FALSE
"343",6788,"OPN4",1,"open",TRUE
"344",6788,"OPN5",5,"open",FALSE
"345",6788,"OPN6",2,"open",TRUE
"346",6788,"OPN7",5,"open",FALSE
"347",6788,"OPN8",4,"open",FALSE
"348",6788,"OPN9",5,"open",FALSE
"349",6788,"OPN10",5,"open",FALSE
"350",7276,"EXT1",4,"extra",FALSE
"351",7276,"EXT2",2,"extra",TRUE
"352",7276,"EXT3",5,"extra",FALSE
"353",7276,"EXT4",3,"extra",TRUE
"354",7276,"EXT5",5,"extra",FALSE
"355",7276,"EXT6",3,"extra",TRUE
"356",7276,"EXT7",5,"extra",FALSE
"357",7276,"EXT8",4,"extra",TRUE
"358",7276,"EXT9",5,"extra",FALSE
"359",7276,"EXT10",2,"extra",TRUE
"360",7276,"EST1",1,"neuro",FALSE
"361",7276,"EST2",4,"neuro",TRUE
"362",7276,"EST3",4,"neuro",FALSE
"363",7276,"EST4",4,"neuro",TRUE
"364",7276,"EST5",4,"neuro",FALSE
"365",7276,"EST6",4,"neuro",FALSE
"366",7276,"EST7",5,"neuro",FALSE
"367",7276,"EST8",4,"neuro",FALSE
"368",7276,"EST9",2,"neuro",FALSE
"369",7276,"EST10",2,"neuro",FALSE
"370",7276,"AGR1",1,"agree",TRUE
"371",7276,"AGR2",5,"agree",FALSE
"372",7276,"AGR3",4,"agree",TRUE
"373",7276,"AGR4",5,"agree",FALSE
"374",7276,"AGR5",1,"agree",TRUE
"375",7276,"AGR6",5,"agree",FALSE
"376",7276,"AGR7",1,"agree",TRUE
"377",7276,"AGR8",5,"agree",FALSE
"378",7276,"AGR9",5,"agree",FALSE
"379",7276,"AGR10",4,"agree",FALSE
"380",7276,"CSN1",3,"consc",FALSE
"381",7276,"CSN2",4,"consc",TRUE
"382",7276,"CSN3",5,"consc",FALSE
"383",7276,"CSN4",3,"consc",TRUE
"384",7276,"CSN5",3,"consc",FALSE
"385",7276,"CSN6",4,"consc",TRUE
"386",7276,"CSN7",4,"consc",FALSE
"387",7276,"CSN8",3,"consc",TRUE
"388",7276,"CSN9",3,"consc",FALSE
"389",7276,"CSN10",3,"consc",FALSE
"390",7276,"OPN1",4,"open",FALSE
"391",7276,"OPN2",3,"open",TRUE
"392",7276,"OPN3",5,"open",FALSE
"393",7276,"OPN4",3,"open",TRUE
"394",7276,"OPN5",4,"open",FALSE
"395",7276,"OPN6",1,"open",TRUE
"396",7276,"OPN7",5,"open",FALSE
"397",7276,"OPN8",3,"open",FALSE
"398",7276,"OPN9",4,"open",FALSE
"399",7276,"OPN10",5,"open",FALSE
"400",7359,"EXT1",2,"extra",FALSE
"401",7359,"EXT2",2,"extra",TRUE
"402",7359,"EXT3",2,"extra",FALSE
"403",7359,"EXT4",4,"extra",TRUE
"404",7359,"EXT5",2,"extra",FALSE
"405",7359,"EXT6",4,"extra",TRUE
"406",7359,"EXT7",2,"extra",FALSE
"407",7359,"EXT8",4,"extra",TRUE
"408",7359,"EXT9",2,"extra",FALSE
"409",7359,"EXT10",4,"extra",TRUE
"410",7359,"EST1",2,"neuro",FALSE
"411",7359,"EST2",4,"neuro",TRUE
"412",7359,"EST3",4,"neuro",FALSE
"413",7359,"EST4",4,"neuro",TRUE
"414",7359,"EST5",4,"neuro",FALSE
"415",7359,"EST6",2,"neuro",FALSE
"416",7359,"EST7",2,"neuro",FALSE
"417",7359,"EST8",4,"neuro",FALSE
"418",7359,"EST9",2,"neuro",FALSE
"419",7359,"EST10",2,"neuro",FALSE
"420",7359,"AGR1",2,"agree",TRUE
"421",7359,"AGR2",2,"agree",FALSE
"422",7359,"AGR3",3,"agree",TRUE
"423",7359,"AGR4",2,"agree",FALSE
"424",7359,"AGR5",4,"agree",TRUE
"425",7359,"AGR6",2,"agree",FALSE
"426",7359,"AGR7",4,"agree",TRUE
"427",7359,"AGR8",4,"agree",FALSE
"428",7359,"AGR9",2,"agree",FALSE
"429",7359,"AGR10",3,"agree",FALSE
"430",7359,"CSN1",2,"consc",FALSE
"431",7359,"CSN2",4,"consc",TRUE
"432",7359,"CSN3",4,"consc",FALSE
"433",7359,"CSN4",2,"consc",TRUE
"434",7359,"CSN5",4,"consc",FALSE
"435",7359,"CSN6",2,"consc",TRUE
"436",7359,"CSN7",4,"consc",FALSE
"437",7359,"CSN8",2,"consc",TRUE
"438",7359,"CSN9",2,"consc",FALSE
"439",7359,"CSN10",4,"consc",FALSE
"440",7359,"OPN1",4,"open",FALSE
"441",7359,"OPN2",2,"open",TRUE
"442",7359,"OPN3",4,"open",FALSE
"443",7359,"OPN4",2,"open",TRUE
"444",7359,"OPN5",4,"open",FALSE
"445",7359,"OPN6",2,"open",TRUE
"446",7359,"OPN7",4,"open",FALSE
"447",7359,"OPN8",4,"open",FALSE
"448",7359,"OPN9",4,"open",FALSE
"449",7359,"OPN10",4,"open",FALSE
"450",8302,"EXT1",2,"extra",FALSE
"451",8302,"EXT2",3,"extra",TRUE
"452",8302,"EXT3",4,"extra",FALSE
"453",8302,"EXT4",2,"extra",TRUE
"454",8302,"EXT5",4,"extra",FALSE
"455",8302,"EXT6",1,"extra",TRUE
"456",8302,"EXT7",3,"extra",FALSE
"457",8302,"EXT8",3,"extra",TRUE
"458",8302,"EXT9",4,"extra",FALSE
"459",8302,"EXT10",3,"extra",TRUE
"460",8302,"EST1",4,"neuro",FALSE
"461",8302,"EST2",3,"neuro",TRUE
"462",8302,"EST3",4,"neuro",FALSE
"463",8302,"EST4",3,"neuro",TRUE
"464",8302,"EST5",2,"neuro",FALSE
"465",8302,"EST6",2,"neuro",FALSE
"466",8302,"EST7",3,"neuro",FALSE
"467",8302,"EST8",2,"neuro",FALSE
"468",8302,"EST9",4,"neuro",FALSE
"469",8302,"EST10",3,"neuro",FALSE
"470",8302,"AGR1",4,"agree",TRUE
"471",8302,"AGR2",4,"agree",FALSE
"472",8302,"AGR3",2,"agree",TRUE
"473",8302,"AGR4",2,"agree",FALSE
"474",8302,"AGR5",4,"agree",TRUE
"475",8302,"AGR6",1,"agree",FALSE
"476",8302,"AGR7",2,"agree",TRUE
"477",8302,"AGR8",4,"agree",FALSE
"478",8302,"AGR9",2,"agree",FALSE
"479",8302,"AGR10",3,"agree",FALSE
"480",8302,"CSN1",3,"consc",FALSE
"481",8302,"CSN2",1,"consc",TRUE
"482",8302,"CSN3",5,"consc",FALSE
"483",8302,"CSN4",1,"consc",TRUE
"484",8302,"CSN5",3,"consc",FALSE
"485",8302,"CSN6",1,"consc",TRUE
"486",8302,"CSN7",4,"consc",FALSE
"487",8302,"CSN8",1,"consc",TRUE
"488",8302,"CSN9",4,"consc",FALSE
"489",8302,"CSN10",4,"consc",FALSE
"490",8302,"OPN1",4,"open",FALSE
"491",8302,"OPN2",1,"open",TRUE
"492",8302,"OPN3",3,"open",FALSE
"493",8302,"OPN4",2,"open",TRUE
"494",8302,"OPN5",4,"open",FALSE
"495",8302,"OPN6",2,"open",TRUE
"496",8302,"OPN7",5,"open",FALSE
"497",8302,"OPN9",5,"open",FALSE
"498",8302,"OPN10",4,"open",FALSE
"499",8639,"EXT1",1,"extra",FALSE
"500",8639,"EXT2",5,"extra",TRUE
"501",8639,"EXT3",2,"extra",FALSE
"502",8639,"EXT4",5,"extra",TRUE
"503",8639,"EXT5",2,"extra",FALSE
"504",8639,"EXT6",5,"extra",TRUE
"505",8639,"EXT7",1,"extra",FALSE
"506",8639,"EXT8",5,"extra",TRUE
"507",8639,"EXT9",3,"extra",FALSE
"508",8639,"EXT10",5,"extra",TRUE
"509",8639,"EST1",3,"neuro",FALSE
"510",8639,"EST2",5,"neuro",TRUE
"511",8639,"EST3",4,"neuro",FALSE
"512",8639,"EST4",2,"neuro",TRUE
"513",8639,"EST5",5,"neuro",FALSE
"514",8639,"EST6",4,"neuro",FALSE
"515",8639,"EST7",5,"neuro",FALSE
"516",8639,"EST8",4,"neuro",FALSE
"517",8639,"EST9",4,"neuro",FALSE
"518",8639,"EST10",4,"neuro",FALSE
"519",8639,"AGR1",1,"agree",TRUE
"520",8639,"AGR2",2,"agree",FALSE
"521",8639,"AGR3",2,"agree",TRUE
"522",8639,"AGR4",4,"agree",FALSE
"523",8639,"AGR5",2,"agree",TRUE
"524",8639,"AGR6",5,"agree",FALSE
"525",8639,"AGR7",3,"agree",TRUE
"526",8639,"AGR8",2,"agree",FALSE
"527",8639,"AGR9",3,"agree",FALSE
"528",8639,"AGR10",3,"agree",FALSE
"529",8639,"CSN1",3,"consc",FALSE
"530",8639,"CSN2",5,"consc",TRUE
"531",8639,"CSN3",5,"consc",FALSE
"532",8639,"CSN4",4,"consc",TRUE
"533",8639,"CSN5",1,"consc",FALSE
"534",8639,"CSN6",5,"consc",TRUE
"535",8639,"CSN7",4,"consc",FALSE
"536",8639,"CSN8",4,"consc",TRUE
"537",8639,"CSN9",1,"consc",FALSE
"538",8639,"CSN10",5,"consc",FALSE
"539",8639,"OPN1",4,"open",FALSE
"540",8639,"OPN2",1,"open",TRUE
"541",8639,"OPN3",3,"open",FALSE
"542",8639,"OPN4",3,"open",TRUE
"543",8639,"OPN5",4,"open",FALSE
"544",8639,"OPN6",3,"open",TRUE
"545",8639,"OPN7",5,"open",FALSE
"546",8639,"OPN8",4,"open",FALSE
"547",8639,"OPN9",1,"open",FALSE
"548",8639,"OPN10",5,"open",FALSE
"549",9818,"EXT1",2,"extra",FALSE
"550",9818,"EXT2",2,"extra",TRUE
"551",9818,"EXT3",3,"extra",FALSE
"552",9818,"EXT4",3,"extra",TRUE
"553",9818,"EXT5",3,"extra",FALSE
"554",9818,"EXT6",3,"extra",TRUE
"555",9818,"EXT7",3,"extra",FALSE
"556",9818,"EXT8",4,"extra",TRUE
"557",9818,"EXT9",3,"extra",FALSE
"558",9818,"EXT10",4,"extra",TRUE
"559",9818,"EST1",5,"neuro",FALSE
"560",9818,"EST2",3,"neuro",TRUE
"561",9818,"EST3",5,"neuro",FALSE
"562",9818,"EST4",2,"neuro",TRUE
"563",9818,"EST5",3,"neuro",FALSE
"564",9818,"EST6",2,"neuro",FALSE
"565",9818,"EST7",3,"neuro",FALSE
"566",9818,"EST8",2,"neuro",FALSE
"567",9818,"EST9",2,"neuro",FALSE
"568",9818,"EST10",2,"neuro",FALSE
"569",9818,"AGR1",1,"agree",TRUE
"570",9818,"AGR2",5,"agree",FALSE
"571",9818,"AGR3",1,"agree",TRUE
"572",9818,"AGR4",5,"agree",FALSE
"573",9818,"AGR5",1,"agree",TRUE
"574",9818,"AGR6",3,"agree",FALSE
"575",9818,"AGR7",1,"agree",TRUE
"576",9818,"AGR8",5,"agree",FALSE
"577",9818,"AGR9",5,"agree",FALSE
"578",9818,"AGR10",4,"agree",FALSE
"579",9818,"CSN1",4,"consc",FALSE
"580",9818,"CSN2",4,"consc",TRUE
"581",9818,"CSN3",4,"consc",FALSE
"582",9818,"CSN4",2,"consc",TRUE
"583",9818,"CSN5",3,"consc",FALSE
"584",9818,"CSN6",3,"consc",TRUE
"585",9818,"CSN7",2,"consc",FALSE
"586",9818,"CSN8",2,"consc",TRUE
"587",9818,"CSN9",2,"consc",FALSE
"588",9818,"CSN10",4,"consc",FALSE
"589",9818,"OPN1",4,"open",FALSE
"590",9818,"OPN2",1,"open",TRUE
"591",9818,"OPN3",5,"open",FALSE
"592",9818,"OPN4",1,"open",TRUE
"593",9818,"OPN5",4,"open",FALSE
"594",9818,"OPN6",1,"open",TRUE
"595",9818,"OPN7",4,"open",FALSE
"596",9818,"OPN8",3,"open",FALSE
"597",9818,"OPN9",5,"open",FALSE
"598",9818,"OPN10",5,"open",FALSE
"599",10023,"EXT1",1,"extra",FALSE
"600",10023,"EXT2",5,"extra",TRUE
"601",10023,"EXT3",3,"extra",FALSE
"602",10023,"EXT4",5,"extra",TRUE
"603",10023,"EXT5",3,"extra",FALSE
"604",10023,"EXT6",3,"extra",TRUE
"605",10023,"EXT7",3,"extra",FALSE
"606",10023,"EXT8",3,"extra",TRUE
"607",10023,"EXT9",3,"extra",FALSE
"608",10023,"EXT10",3,"extra",TRUE
"609",10023,"EST1",3,"neuro",FALSE
"610",10023,"EST2",3,"neuro",TRUE
"611",10023,"EST3",5,"neuro",FALSE
"612",10023,"EST4",3,"neuro",TRUE
"613",10023,"EST5",3,"neuro",FALSE
"614",10023,"EST6",3,"neuro",FALSE
"615",10023,"EST7",3,"neuro",FALSE
"616",10023,"EST8",3,"neuro",FALSE
"617",10023,"EST9",3,"neuro",FALSE
"618",10023,"EST10",3,"neuro",FALSE
"619",10023,"AGR1",5,"agree",TRUE
"620",10023,"AGR2",3,"agree",FALSE
"621",10023,"AGR3",3,"agree",TRUE
"622",10023,"AGR4",5,"agree",FALSE
"623",10023,"AGR5",3,"agree",TRUE
"624",10023,"AGR6",3,"agree",FALSE
"625",10023,"AGR8",3,"agree",FALSE
"626",10023,"AGR9",3,"agree",FALSE
"627",10023,"AGR10",3,"agree",FALSE
"628",10023,"CSN1",3,"consc",FALSE
"629",10023,"CSN2",3,"consc",TRUE
"630",10023,"CSN3",1,"consc",FALSE
"631",10023,"CSN4",3,"consc",TRUE
"632",10023,"CSN5",3,"consc",FALSE
"633",10023,"CSN6",3,"consc",TRUE
"634",10023,"CSN7",3,"consc",FALSE
"635",10023,"CSN8",3,"consc",TRUE
"636",10023,"CSN9",3,"consc",FALSE
"637",10023,"CSN10",3,"consc",FALSE
"638",10023,"OPN1",1,"open",FALSE
"639",10023,"OPN2",3,"open",TRUE
"640",10023,"OPN3",3,"open",FALSE
"641",10023,"OPN4",3,"open",TRUE
"642",10023,"OPN5",3,"open",FALSE
"643",10023,"OPN6",3,"open",TRUE
"644",10023,"OPN7",3,"open",FALSE
"645",10023,"OPN8",3,"open",FALSE
"646",10023,"OPN9",3,"open",FALSE
"647",10023,"OPN10",3,"open",FALSE
"648",10587,"EXT1",3,"extra",FALSE
"649",10587,"EXT2",3,"extra",TRUE
"650",10587,"EXT3",4,"extra",FALSE
"651",10587,"EXT4",3,"extra",TRUE
"652",10587,"EXT5",3,"extra",FALSE
"653",10587,"EXT6",2,"extra",TRUE
"654",10587,"EXT7",5,"extra",FALSE
"655",10587,"EXT8",5,"extra",TRUE
"656",10587,"EXT9",1,"extra",FALSE
"657",10587,"EXT10",2,"extra",TRUE
"658",10587,"EST1",4,"neuro",FALSE
"659",10587,"EST2",3,"neuro",TRUE
"660",10587,"EST3",5,"neuro",FALSE
"661",10587,"EST4",3,"neuro",TRUE
"662",10587,"EST5",4,"neuro",FALSE
"663",10587,"EST6",3,"neuro",FALSE
"664",10587,"EST7",3,"neuro",FALSE
"665",10587,"EST8",5,"neuro",FALSE
"666",10587,"EST9",2,"neuro",FALSE
"667",10587,"EST10",3,"neuro",FALSE
"668",10587,"AGR1",1,"agree",TRUE
"669",10587,"AGR2",5,"agree",FALSE
"670",10587,"AGR3",1,"agree",TRUE
"671",10587,"AGR4",5,"agree",FALSE
"672",10587,"AGR5",1,"agree",TRUE
"673",10587,"AGR6",4,"agree",FALSE
"674",10587,"AGR7",2,"agree",TRUE
"675",10587,"AGR8",4,"agree",FALSE
"676",10587,"AGR9",3,"agree",FALSE
"677",10587,"AGR10",3,"agree",FALSE
"678",10587,"CSN1",3,"consc",FALSE
"679",10587,"CSN2",2,"consc",TRUE
"680",10587,"CSN3",5,"consc",FALSE
"681",10587,"CSN4",2,"consc",TRUE
"682",10587,"CSN5",3,"consc",FALSE
"683",10587,"CSN6",1,"consc",TRUE
"684",10587,"CSN7",5,"consc",FALSE
"685",10587,"CSN8",2,"consc",TRUE
"686",10587,"CSN9",3,"consc",FALSE
"687",10587,"CSN10",3,"consc",FALSE
"688",10587,"OPN1",3,"open",FALSE
"689",10587,"OPN2",3,"open",TRUE
"690",10587,"OPN3",5,"open",FALSE
"691",10587,"OPN4",1,"open",TRUE
"692",10587,"OPN5",3,"open",FALSE
"693",10587,"OPN6",3,"open",TRUE
"694",10587,"OPN7",4,"open",FALSE
"695",10587,"OPN8",2,"open",FALSE
"696",10587,"OPN9",4,"open",FALSE
"697",10587,"OPN10",3,"open",FALSE
"698",11109,"EXT1",1,"extra",FALSE
"699",11109,"EXT2",5,"extra",TRUE
"700",11109,"EXT3",1,"extra",FALSE
"701",11109,"EXT4",5,"extra",TRUE
"702",11109,"EXT5",5,"extra",FALSE
"703",11109,"EXT6",5,"extra",TRUE
"704",11109,"EXT7",1,"extra",FALSE
"705",11109,"EXT8",5,"extra",TRUE
"706",11109,"EXT9",1,"extra",FALSE
"707",11109,"EXT10",1,"extra",TRUE
"708",11109,"EST1",3,"neuro",FALSE
"709",11109,"EST2",5,"neuro",TRUE
"710",11109,"EST3",3,"neuro",FALSE
"711",11109,"EST4",3,"neuro",TRUE
"712",11109,"EST5",3,"neuro",FALSE
"713",11109,"EST6",3,"neuro",FALSE
"714",11109,"EST7",5,"neuro",FALSE
"715",11109,"EST8",5,"neuro",FALSE
"716",11109,"EST9",3,"neuro",FALSE
"717",11109,"EST10",3,"neuro",FALSE
"718",11109,"AGR1",5,"agree",TRUE
"719",11109,"AGR2",3,"agree",FALSE
"720",11109,"AGR3",1,"agree",TRUE
"721",11109,"AGR4",5,"agree",FALSE
"722",11109,"AGR5",3,"agree",TRUE
"723",11109,"AGR6",5,"agree",FALSE
"724",11109,"AGR7",5,"agree",TRUE
"725",11109,"AGR8",3,"agree",FALSE
"726",11109,"AGR9",3,"agree",FALSE
"727",11109,"AGR10",3,"agree",FALSE
"728",11109,"CSN1",3,"consc",FALSE
"729",11109,"CSN2",3,"consc",TRUE
"730",11109,"CSN3",3,"consc",FALSE
"731",11109,"CSN4",3,"consc",TRUE
"732",11109,"CSN5",3,"consc",FALSE
"733",11109,"CSN6",5,"consc",TRUE
"734",11109,"CSN7",3,"consc",FALSE
"735",11109,"CSN8",3,"consc",TRUE
"736",11109,"CSN9",1,"consc",FALSE
"737",11109,"CSN10",3,"consc",FALSE
"738",11109,"OPN1",3,"open",FALSE
"739",11109,"OPN2",3,"open",TRUE
"740",11109,"OPN3",3,"open",FALSE
"741",11109,"OPN4",1,"open",TRUE
"742",11109,"OPN5",1,"open",FALSE
"743",11109,"OPN6",1,"open",TRUE
"744",11109,"OPN7",5,"open",FALSE
"745",11109,"OPN8",3,"open",FALSE
"746",11109,"OPN9",3,"open",FALSE
"747",11109,"OPN10",5,"open",FALSE
"748",11318,"EXT1",1,"extra",FALSE
"749",11318,"EXT2",5,"extra",TRUE
"750",11318,"EXT3",2,"extra",FALSE
"751",11318,"EXT4",5,"extra",TRUE
"752",11318,"EXT5",4,"extra",FALSE
"753",11318,"EXT6",1,"extra",TRUE
"754",11318,"EXT7",3,"extra",FALSE
"755",11318,"EXT8",4,"extra",TRUE
"756",11318,"EXT9",3,"extra",FALSE
"757",11318,"EXT10",5,"extra",TRUE
"758",11318,"EST1",4,"neuro",FALSE
"759",11318,"EST2",4,"neuro",TRUE
"760",11318,"EST3",5,"neuro",FALSE
"761",11318,"EST4",2,"neuro",TRUE
"762",11318,"EST5",4,"neuro",FALSE
"763",11318,"EST6",4,"neuro",FALSE
"764",11318,"EST7",4,"neuro",FALSE
"765",11318,"EST8",4,"neuro",FALSE
"766",11318,"EST9",4,"neuro",FALSE
"767",11318,"EST10",4,"neuro",FALSE
"768",11318,"AGR1",1,"agree",TRUE
"769",11318,"AGR2",4,"agree",FALSE
"770",11318,"AGR3",1,"agree",TRUE
"771",11318,"AGR4",4,"agree",FALSE
"772",11318,"AGR5",2,"agree",TRUE
"773",11318,"AGR6",5,"agree",FALSE
"774",11318,"AGR7",2,"agree",TRUE
"775",11318,"AGR8",4,"agree",FALSE
"776",11318,"AGR9",4,"agree",FALSE
"777",11318,"AGR10",4,"agree",FALSE
"778",11318,"CSN1",3,"consc",FALSE
"779",11318,"CSN2",2,"consc",TRUE
"780",11318,"CSN3",4,"consc",FALSE
"781",11318,"CSN4",3,"consc",TRUE
"782",11318,"CSN5",2,"consc",FALSE
"783",11318,"CSN6",2,"consc",TRUE
"784",11318,"CSN7",3,"consc",FALSE
"785",11318,"CSN8",3,"consc",TRUE
"786",11318,"CSN9",3,"consc",FALSE
"787",11318,"CSN10",4,"consc",FALSE
"788",11318,"OPN1",5,"open",FALSE
"789",11318,"OPN2",1,"open",TRUE
"790",11318,"OPN3",5,"open",FALSE
"791",11318,"OPN4",1,"open",TRUE
"792",11318,"OPN5",5,"open",FALSE
"793",11318,"OPN6",1,"open",TRUE
"794",11318,"OPN7",5,"open",FALSE
"795",11318,"OPN8",5,"open",FALSE
"796",11318,"OPN9",5,"open",FALSE
"797",11318,"OPN10",5,"open",FALSE
"798",12898,"EXT1",1,"extra",FALSE
"799",12898,"EXT2",5,"extra",TRUE
"800",12898,"EXT3",1,"extra",FALSE
"801",12898,"EXT4",5,"extra",TRUE
"802",12898,"EXT5",1,"extra",FALSE
"803",12898,"EXT6",2,"extra",TRUE
"804",12898,"EXT7",1,"extra",FALSE
"805",12898,"EXT8",4,"extra",TRUE
"806",12898,"EXT9",2,"extra",FALSE
"807",12898,"EXT10",5,"extra",TRUE
"808",12898,"EST1",5,"neuro",FALSE
"809",12898,"EST2",1,"neuro",TRUE
"810",12898,"EST3",5,"neuro",FALSE
"811",12898,"EST4",1,"neuro",TRUE
"812",12898,"EST5",4,"neuro",FALSE
"813",12898,"EST6",5,"neuro",FALSE
"814",12898,"EST7",4,"neuro",FALSE
"815",12898,"EST8",3,"neuro",FALSE
"816",12898,"EST9",4,"neuro",FALSE
"817",12898,"EST10",5,"neuro",FALSE
"818",12898,"AGR1",2,"agree",TRUE
"819",12898,"AGR2",5,"agree",FALSE
"820",12898,"AGR3",2,"agree",TRUE
"821",12898,"AGR4",5,"agree",FALSE
"822",12898,"AGR5",2,"agree",TRUE
"823",12898,"AGR6",4,"agree",FALSE
"824",12898,"AGR7",1,"agree",TRUE
"825",12898,"AGR8",3,"agree",FALSE
"826",12898,"AGR9",5,"agree",FALSE
"827",12898,"AGR10",1,"agree",FALSE
"828",12898,"CSN1",2,"consc",FALSE
"829",12898,"CSN2",2,"consc",TRUE
"830",12898,"CSN3",3,"consc",FALSE
"831",12898,"CSN4",4,"consc",TRUE
"832",12898,"CSN5",1,"consc",FALSE
"833",12898,"CSN6",2,"consc",TRUE
"834",12898,"CSN7",3,"consc",FALSE
"835",12898,"CSN8",5,"consc",TRUE
"836",12898,"CSN9",1,"consc",FALSE
"837",12898,"CSN10",3,"consc",FALSE
"838",12898,"OPN1",3,"open",FALSE
"839",12898,"OPN2",3,"open",TRUE
"840",12898,"OPN3",3,"open",FALSE
"841",12898,"OPN4",2,"open",TRUE
"842",12898,"OPN5",3,"open",FALSE
"843",12898,"OPN6",2,"open",TRUE
"844",12898,"OPN7",4,"open",FALSE
"845",12898,"OPN8",2,"open",FALSE
"846",12898,"OPN9",4,"open",FALSE
"847",12898,"OPN10",3,"open",FALSE
"848",13161,"EXT1",3,"extra",FALSE
"849",13161,"EXT2",1,"extra",TRUE
"850",13161,"EXT3",1,"extra",FALSE
"851",13161,"EXT4",5,"extra",TRUE
"852",13161,"EXT5",5,"extra",FALSE
"853",13161,"EXT6",1,"extra",TRUE
"854",13161,"EXT7",1,"extra",FALSE
"855",13161,"EXT8",5,"extra",TRUE
"856",13161,"EXT9",4,"extra",FALSE
"857",13161,"EXT10",1,"extra",TRUE
"858",13161,"EST1",1,"neuro",FALSE
"859",13161,"EST2",1,"neuro",TRUE
"860",13161,"EST3",5,"neuro",FALSE
"861",13161,"EST4",2,"neuro",TRUE
"862",13161,"EST5",5,"neuro",FALSE
"863",13161,"EST6",5,"neuro",FALSE
"864",13161,"EST7",4,"neuro",FALSE
"865",13161,"EST8",5,"neuro",FALSE
"866",13161,"EST9",4,"neuro",FALSE
"867",13161,"EST10",1,"neuro",FALSE
"868",13161,"AGR1",4,"agree",TRUE
"869",13161,"AGR2",5,"agree",FALSE
"870",13161,"AGR3",5,"agree",TRUE
"871",13161,"AGR4",3,"agree",FALSE
"872",13161,"AGR5",5,"agree",TRUE
"873",13161,"AGR6",1,"agree",FALSE
"874",13161,"AGR7",2,"agree",TRUE
"875",13161,"AGR8",1,"agree",FALSE
"876",13161,"AGR9",5,"agree",FALSE
"877",13161,"AGR10",2,"agree",FALSE
"878",13161,"CSN1",3,"consc",FALSE
"879",13161,"CSN2",5,"consc",TRUE
"880",13161,"CSN3",2,"consc",FALSE
"881",13161,"CSN4",5,"consc",TRUE
"882",13161,"CSN5",4,"consc",FALSE
"883",13161,"CSN6",1,"consc",TRUE
"884",13161,"CSN7",5,"consc",FALSE
"885",13161,"CSN8",1,"consc",TRUE
"886",13161,"CSN9",4,"consc",FALSE
"887",13161,"CSN10",3,"consc",FALSE
"888",13161,"OPN1",3,"open",FALSE
"889",13161,"OPN2",5,"open",TRUE
"890",13161,"OPN3",5,"open",FALSE
"891",13161,"OPN4",5,"open",TRUE
"892",13161,"OPN5",1,"open",FALSE
"893",13161,"OPN6",1,"open",TRUE
"894",13161,"OPN7",2,"open",FALSE
"895",13161,"OPN8",5,"open",FALSE
"896",13161,"OPN9",5,"open",FALSE
"897",13161,"OPN10",3,"open",FALSE
"898",13446,"EXT1",3,"extra",FALSE
"899",13446,"EXT2",2,"extra",TRUE
"900",13446,"EXT3",3,"extra",FALSE
"901",13446,"EXT4",5,"extra",TRUE
"902",13446,"EXT6",2,"extra",TRUE
"903",13446,"EXT7",1,"extra",FALSE
"904",13446,"EXT8",3,"extra",TRUE
"905",13446,"EXT9",3,"extra",FALSE
"906",13446,"EXT10",1,"extra",TRUE
"907",13446,"EST1",2,"neuro",FALSE
"908",13446,"EST2",2,"neuro",TRUE
"909",13446,"EST3",5,"neuro",FALSE
"910",13446,"EST4",5,"neuro",TRUE
"911",13446,"EST5",3,"neuro",FALSE
"912",13446,"EST6",5,"neuro",FALSE
"913",13446,"EST7",4,"neuro",FALSE
"914",13446,"EST8",5,"neuro",FALSE
"915",13446,"EST9",3,"neuro",FALSE
"916",13446,"EST10",3,"neuro",FALSE
"917",13446,"AGR1",5,"agree",TRUE
"918",13446,"AGR2",3,"agree",FALSE
"919",13446,"AGR3",1,"agree",TRUE
"920",13446,"AGR4",5,"agree",FALSE
"921",13446,"AGR5",1,"agree",TRUE
"922",13446,"AGR6",5,"agree",FALSE
"923",13446,"AGR7",3,"agree",TRUE
"924",13446,"AGR8",5,"agree",FALSE
"925",13446,"AGR9",5,"agree",FALSE
"926",13446,"AGR10",4,"agree",FALSE
"927",13446,"CSN1",3,"consc",FALSE
"928",13446,"CSN2",1,"consc",TRUE
"929",13446,"CSN3",5,"consc",FALSE
"930",13446,"CSN4",4,"consc",TRUE
"931",13446,"CSN5",4,"consc",FALSE
"932",13446,"CSN6",4,"consc",TRUE
"933",13446,"CSN7",4,"consc",FALSE
"934",13446,"CSN8",1,"consc",TRUE
"935",13446,"CSN9",2,"consc",FALSE
"936",13446,"CSN10",4,"consc",FALSE
"937",13446,"OPN1",3,"open",FALSE
"938",13446,"OPN2",1,"open",TRUE
"939",13446,"OPN3",5,"open",FALSE
"940",13446,"OPN5",4,"open",FALSE
"941",13446,"OPN6",1,"open",TRUE
"942",13446,"OPN7",3,"open",FALSE
"943",13446,"OPN8",3,"open",FALSE
"944",13446,"OPN9",5,"open",FALSE
"945",13446,"OPN10",5,"open",FALSE
"946",13862,"EXT1",1,"extra",FALSE
"947",13862,"EXT2",5,"extra",TRUE
"948",13862,"EXT3",1,"extra",FALSE
"949",13862,"EXT4",5,"extra",TRUE
"950",13862,"EXT5",1,"extra",FALSE
"951",13862,"EXT6",5,"extra",TRUE
"952",13862,"EXT7",1,"extra",FALSE
"953",13862,"EXT8",5,"extra",TRUE
"954",13862,"EXT9",1,"extra",FALSE
"955",13862,"EXT10",5,"extra",TRUE
"956",13862,"EST1",5,"neuro",FALSE
"957",13862,"EST2",2,"neuro",TRUE
"958",13862,"EST3",4,"neuro",FALSE
"959",13862,"EST4",4,"neuro",TRUE
"960",13862,"EST5",4,"neuro",FALSE
"961",13862,"EST6",3,"neuro",FALSE
"962",13862,"EST7",4,"neuro",FALSE
"963",13862,"EST8",3,"neuro",FALSE
"964",13862,"EST9",1,"neuro",FALSE
"965",13862,"EST10",3,"neuro",FALSE
"966",13862,"AGR1",1,"agree",TRUE
"967",13862,"AGR2",5,"agree",FALSE
"968",13862,"AGR3",1,"agree",TRUE
"969",13862,"AGR4",5,"agree",FALSE
"970",13862,"AGR5",2,"agree",TRUE
"971",13862,"AGR6",5,"agree",FALSE
"972",13862,"AGR7",1,"agree",TRUE
"973",13862,"AGR8",5,"agree",FALSE
"974",13862,"AGR9",4,"agree",FALSE
"975",13862,"AGR10",5,"agree",FALSE
"976",13862,"CSN1",5,"consc",FALSE
"977",13862,"CSN2",2,"consc",TRUE
"978",13862,"CSN3",5,"consc",FALSE
"979",13862,"CSN4",1,"consc",TRUE
"980",13862,"CSN5",5,"consc",FALSE
"981",13862,"CSN6",2,"consc",TRUE
"982",13862,"CSN7",4,"consc",FALSE
"983",13862,"CSN8",1,"consc",TRUE
"984",13862,"CSN9",4,"consc",FALSE
"985",13862,"CSN10",4,"consc",FALSE
"986",13862,"OPN1",5,"open",FALSE
"987",13862,"OPN2",1,"open",TRUE
"988",13862,"OPN3",5,"open",FALSE
"989",13862,"OPN4",1,"open",TRUE
"990",13862,"OPN5",3,"open",FALSE
"991",13862,"OPN6",5,"open",TRUE
"992",13862,"OPN7",5,"open",FALSE
"993",13862,"OPN8",2,"open",FALSE
"994",13862,"OPN9",5,"open",FALSE
"995",13862,"OPN10",4,"open",FALSE
"996",15040,"EXT1",1,"extra",FALSE
"997",15040,"EXT2",1,"extra",TRUE
"998",15040,"EXT3",3,"extra",FALSE
"999",15040,"EXT4",3,"extra",TRUE
"1000",15040,"EXT5",3,"extra",FALSE
"1001",15040,"EXT6",2,"extra",TRUE
"1002",15040,"EXT7",3,"extra",FALSE
"1003",15040,"EXT8",3,"extra",TRUE
"1004",15040,"EXT9",2,"extra",FALSE
"1005",15040,"EXT10",4,"extra",TRUE
"1006",15040,"EST1",1,"neuro",FALSE
"1007",15040,"EST2",4,"neuro",TRUE
"1008",15040,"EST3",4,"neuro",FALSE
"1009",15040,"EST4",2,"neuro",TRUE
"1010",15040,"EST5",4,"neuro",FALSE
"1011",15040,"EST6",2,"neuro",FALSE
"1012",15040,"EST7",3,"neuro",FALSE
"1013",15040,"EST8",4,"neuro",FALSE
"1014",15040,"EST9",1,"neuro",FALSE
"1015",15040,"EST10",2,"neuro",FALSE
"1016",15040,"AGR1",5,"agree",TRUE
"1017",15040,"AGR2",5,"agree",FALSE
"1018",15040,"AGR3",1,"agree",TRUE
"1019",15040,"AGR4",5,"agree",FALSE
"1020",15040,"AGR5",1,"agree",TRUE
"1021",15040,"AGR6",5,"agree",FALSE
"1022",15040,"AGR7",1,"agree",TRUE
"1023",15040,"AGR8",5,"agree",FALSE
"1024",15040,"AGR9",4,"agree",FALSE
"1025",15040,"AGR10",4,"agree",FALSE
"1026",15040,"CSN1",3,"consc",FALSE
"1027",15040,"CSN2",1,"consc",TRUE
"1028",15040,"CSN3",4,"consc",FALSE
"1029",15040,"CSN4",3,"consc",TRUE
"1030",15040,"CSN5",5,"consc",FALSE
"1031",15040,"CSN6",3,"consc",TRUE
"1032",15040,"CSN7",4,"consc",FALSE
"1033",15040,"CSN8",1,"consc",TRUE
"1034",15040,"CSN9",5,"consc",FALSE
"1035",15040,"CSN10",5,"consc",FALSE
"1036",15040,"OPN1",4,"open",FALSE
"1037",15040,"OPN2",1,"open",TRUE
"1038",15040,"OPN3",4,"open",FALSE
"1039",15040,"OPN4",1,"open",TRUE
"1040",15040,"OPN5",5,"open",FALSE
"1041",15040,"OPN6",1,"open",TRUE
"1042",15040,"OPN7",5,"open",FALSE
"1043",15040,"OPN8",3,"open",FALSE
"1044",15040,"OPN9",3,"open",FALSE
"1045",15040,"OPN10",4,"open",FALSE
"1046",15462,"EXT1",1,"extra",FALSE
"1047",15462,"EXT2",2,"extra",TRUE
"1048",15462,"EXT3",3,"extra",FALSE
"1049",15462,"EXT4",4,"extra",TRUE
"1050",15462,"EXT5",3,"extra",FALSE
"1051",15462,"EXT6",3,"extra",TRUE
"1052",15462,"EXT7",2,"extra",FALSE
"1053",15462,"EXT8",4,"extra",TRUE
"1054",15462,"EXT9",4,"extra",FALSE
"1055",15462,"EXT10",4,"extra",TRUE
"1056",15462,"EST1",1,"neuro",FALSE
"1057",15462,"EST2",4,"neuro",TRUE
"1058",15462,"EST3",4,"neuro",FALSE
"1059",15462,"EST4",4,"neuro",TRUE
"1060",15462,"EST5",1,"neuro",FALSE
"1061",15462,"EST6",2,"neuro",FALSE
"1062",15462,"EST7",2,"neuro",FALSE
"1063",15462,"EST8",1,"neuro",FALSE
"1064",15462,"EST9",4,"neuro",FALSE
"1065",15462,"EST10",2,"neuro",FALSE
"1066",15462,"AGR1",4,"agree",TRUE
"1067",15462,"AGR2",4,"agree",FALSE
"1068",15462,"AGR3",4,"agree",TRUE
"1069",15462,"AGR4",4,"agree",FALSE
"1070",15462,"AGR5",2,"agree",TRUE
"1071",15462,"AGR6",3,"agree",FALSE
"1072",15462,"AGR7",2,"agree",TRUE
"1073",15462,"AGR8",4,"agree",FALSE
"1074",15462,"AGR9",3,"agree",FALSE
"1075",15462,"AGR10",3,"agree",FALSE
"1076",15462,"CSN1",4,"consc",FALSE
"1077",15462,"CSN2",3,"consc",TRUE
"1078",15462,"CSN3",4,"consc",FALSE
"1079",15462,"CSN4",1,"consc",TRUE
"1080",15462,"CSN5",4,"consc",FALSE
"1081",15462,"CSN6",1,"consc",TRUE
"1082",15462,"CSN7",4,"consc",FALSE
"1083",15462,"CSN8",2,"consc",TRUE
"1084",15462,"CSN9",4,"consc",FALSE
"1085",15462,"CSN10",5,"consc",FALSE
"1086",15462,"OPN1",4,"open",FALSE
"1087",15462,"OPN2",3,"open",TRUE
"1088",15462,"OPN3",2,"open",FALSE
"1089",15462,"OPN4",2,"open",TRUE
"1090",15462,"OPN5",4,"open",FALSE
"1091",15462,"OPN6",5,"open",TRUE
"1092",15462,"OPN7",5,"open",FALSE
"1093",15462,"OPN8",2,"open",FALSE
"1094",15462,"OPN9",4,"open",FALSE
"1095",15462,"OPN10",3,"open",FALSE
"1096",15694,"EXT1",1,"extra",FALSE
"1097",15694,"EXT2",5,"extra",TRUE
"1098",15694,"EXT3",4,"extra",FALSE
"1099",15694,"EXT4",4,"extra",TRUE
"1100",15694,"EXT5",4,"extra",FALSE
"1101",15694,"EXT6",1,"extra",TRUE
"1102",15694,"EXT7",1,"extra",FALSE
"1103",15694,"EXT8",4,"extra",TRUE
"1104",15694,"EXT9",2,"extra",FALSE
"1105",15694,"EXT10",4,"extra",TRUE
"1106",15694,"EST1",4,"neuro",FALSE
"1107",15694,"EST2",4,"neuro",TRUE
"1108",15694,"EST3",4,"neuro",FALSE
"1109",15694,"EST4",3,"neuro",TRUE
"1110",15694,"EST5",3,"neuro",FALSE
"1111",15694,"EST6",4,"neuro",FALSE
"1112",15694,"EST7",4,"neuro",FALSE
"1113",15694,"EST8",2,"neuro",FALSE
"1114",15694,"EST9",4,"neuro",FALSE
"1115",15694,"EST10",2,"neuro",FALSE
"1116",15694,"AGR1",3,"agree",TRUE
"1117",15694,"AGR2",4,"agree",FALSE
"1118",15694,"AGR3",1,"agree",TRUE
"1119",15694,"AGR4",2,"agree",FALSE
"1120",15694,"AGR5",2,"agree",TRUE
"1121",15694,"AGR6",4,"agree",FALSE
"1122",15694,"AGR7",2,"agree",TRUE
"1123",15694,"AGR8",5,"agree",FALSE
"1124",15694,"AGR9",4,"agree",FALSE
"1125",15694,"AGR10",5,"agree",FALSE
"1126",15694,"CSN1",4,"consc",FALSE
"1127",15694,"CSN2",4,"consc",TRUE
"1128",15694,"CSN3",5,"consc",FALSE
"1129",15694,"CSN4",1,"consc",TRUE
"1130",15694,"CSN5",5,"consc",FALSE
"1131",15694,"CSN6",1,"consc",TRUE
"1132",15694,"CSN7",3,"consc",FALSE
"1133",15694,"CSN8",1,"consc",TRUE
"1134",15694,"CSN9",3,"consc",FALSE
"1135",15694,"CSN10",5,"consc",FALSE
"1136",15694,"OPN1",1,"open",FALSE
"1137",15694,"OPN2",1,"open",TRUE
"1138",15694,"OPN3",5,"open",FALSE
"1139",15694,"OPN4",1,"open",TRUE
"1140",15694,"OPN5",5,"open",FALSE
"1141",15694,"OPN6",1,"open",TRUE
"1142",15694,"OPN7",5,"open",FALSE
"1143",15694,"OPN8",1,"open",FALSE
"1144",15694,"OPN9",5,"open",FALSE
"1145",15694,"OPN10",5,"open",FALSE
"1146",15755,"EXT1",3,"extra",FALSE
"1147",15755,"EXT2",4,"extra",TRUE
"1148",15755,"EXT3",2,"extra",FALSE
"1149",15755,"EXT4",4,"extra",TRUE
"1150",15755,"EXT5",3,"extra",FALSE
"1151",15755,"EXT6",1,"extra",TRUE
"1152",15755,"EXT7",2,"extra",FALSE
"1153",15755,"EXT8",4,"extra",TRUE
"1154",15755,"EXT9",2,"extra",FALSE
"1155",15755,"EXT10",4,"extra",TRUE
"1156",15755,"EST1",4,"neuro",FALSE
"1157",15755,"EST2",2,"neuro",TRUE
"1158",15755,"EST3",4,"neuro",FALSE
"1159",15755,"EST4",2,"neuro",TRUE
"1160",15755,"EST5",1,"neuro",FALSE
"1161",15755,"EST6",3,"neuro",FALSE
"1162",15755,"EST7",3,"neuro",FALSE
"1163",15755,"EST8",3,"neuro",FALSE
"1164",15755,"EST9",4,"neuro",FALSE
"1165",15755,"EST10",4,"neuro",FALSE
"1166",15755,"AGR1",1,"agree",TRUE
"1167",15755,"AGR2",5,"agree",FALSE
"1168",15755,"AGR3",1,"agree",TRUE
"1169",15755,"AGR4",5,"agree",FALSE
"1170",15755,"AGR5",1,"agree",TRUE
"1171",15755,"AGR6",5,"agree",FALSE
"1172",15755,"AGR7",1,"agree",TRUE
"1173",15755,"AGR8",5,"agree",FALSE
"1174",15755,"AGR9",5,"agree",FALSE
"1175",15755,"AGR10",3,"agree",FALSE
"1176",15755,"CSN1",3,"consc",FALSE
"1177",15755,"CSN2",3,"consc",TRUE
"1178",15755,"CSN3",3,"consc",FALSE
"1179",15755,"CSN4",4,"consc",TRUE
"1180",15755,"CSN5",1,"consc",FALSE
"1181",15755,"CSN6",3,"consc",TRUE
"1182",15755,"CSN7",2,"consc",FALSE
"1183",15755,"CSN8",2,"consc",TRUE
"1184",15755,"CSN9",2,"consc",FALSE
"1185",15755,"CSN10",1,"consc",FALSE
"1186",15755,"OPN1",3,"open",FALSE
"1187",15755,"OPN2",1,"open",TRUE
"1188",15755,"OPN3",5,"open",FALSE
"1189",15755,"OPN4",1,"open",TRUE
"1190",15755,"OPN5",3,"open",FALSE
"1191",15755,"OPN6",1,"open",TRUE
"1192",15755,"OPN7",3,"open",FALSE
"1193",15755,"OPN8",3,"open",FALSE
"1194",15755,"OPN9",4,"open",FALSE
"1195",15755,"OPN10",3,"open",FALSE
"1196",17706,"EXT1",2,"extra",FALSE
"1197",17706,"EXT2",3,"extra",TRUE
"1198",17706,"EXT3",3,"extra",FALSE
"1199",17706,"EXT4",4,"extra",TRUE
"1200",17706,"EXT5",3,"extra",FALSE
"1201",17706,"EXT6",2,"extra",TRUE
"1202",17706,"EXT7",1,"extra",FALSE
"1203",17706,"EXT8",4,"extra",TRUE
"1204",17706,"EXT9",4,"extra",FALSE
"1205",17706,"EXT10",3,"extra",TRUE
"1206",17706,"EST1",4,"neuro",FALSE
"1207",17706,"EST2",4,"neuro",TRUE
"1208",17706,"EST3",4,"neuro",FALSE
"1209",17706,"EST4",4,"neuro",TRUE
"1210",17706,"EST5",4,"neuro",FALSE
"1211",17706,"EST6",2,"neuro",FALSE
"1212",17706,"EST7",5,"neuro",FALSE
"1213",17706,"EST8",4,"neuro",FALSE
"1214",17706,"EST9",4,"neuro",FALSE
"1215",17706,"EST10",2,"neuro",FALSE
"1216",17706,"AGR1",1,"agree",TRUE
"1217",17706,"AGR2",4,"agree",FALSE
"1218",17706,"AGR3",4,"agree",TRUE
"1219",17706,"AGR4",4,"agree",FALSE
"1220",17706,"AGR5",2,"agree",TRUE
"1221",17706,"AGR6",4,"agree",FALSE
"1222",17706,"AGR7",2,"agree",TRUE
"1223",17706,"AGR8",4,"agree",FALSE
"1224",17706,"AGR9",4,"agree",FALSE
"1225",17706,"AGR10",2,"agree",FALSE
"1226",17706,"CSN1",2,"consc",FALSE
"1227",17706,"CSN2",5,"consc",TRUE
"1228",17706,"CSN3",4,"consc",FALSE
"1229",17706,"CSN4",4,"consc",TRUE
"1230",17706,"CSN5",2,"consc",FALSE
"1231",17706,"CSN6",4,"consc",TRUE
"1232",17706,"CSN7",4,"consc",FALSE
"1233",17706,"CSN8",3,"consc",TRUE
"1234",17706,"CSN9",4,"consc",FALSE
"1235",17706,"CSN10",3,"consc",FALSE
"1236",17706,"OPN1",4,"open",FALSE
"1237",17706,"OPN2",2,"open",TRUE
"1238",17706,"OPN3",5,"open",FALSE
"1239",17706,"OPN4",2,"open",TRUE
"1240",17706,"OPN5",4,"open",FALSE
"1241",17706,"OPN6",1,"open",TRUE
"1242",17706,"OPN7",4,"open",FALSE
"1243",17706,"OPN8",4,"open",FALSE
"1244",17706,"OPN9",4,"open",FALSE
"1245",17706,"OPN10",4,"open",FALSE
"1246",18157,"EXT1",1,"extra",FALSE
"1247",18157,"EXT2",4,"extra",TRUE
"1248",18157,"EXT3",3,"extra",FALSE
"1249",18157,"EXT4",1,"extra",TRUE
"1250",18157,"EXT5",1,"extra",FALSE
"1251",18157,"EXT6",2,"extra",TRUE
"1252",18157,"EXT7",1,"extra",FALSE
"1253",18157,"EXT8",5,"extra",TRUE
"1254",18157,"EXT9",1,"extra",FALSE
"1255",18157,"EXT10",5,"extra",TRUE
"1256",18157,"EST1",1,"neuro",FALSE
"1257",18157,"EST2",5,"neuro",TRUE
"1258",18157,"EST3",1,"neuro",FALSE
"1259",18157,"EST4",3,"neuro",TRUE
"1260",18157,"EST5",1,"neuro",FALSE
"1261",18157,"EST6",1,"neuro",FALSE
"1262",18157,"EST7",1,"neuro",FALSE
"1263",18157,"EST8",1,"neuro",FALSE
"1264",18157,"EST9",1,"neuro",FALSE
"1265",18157,"EST10",1,"neuro",FALSE
"1266",18157,"AGR1",1,"agree",TRUE
"1267",18157,"AGR2",4,"agree",FALSE
"1268",18157,"AGR3",1,"agree",TRUE
"1269",18157,"AGR4",3,"agree",FALSE
"1270",18157,"AGR5",1,"agree",TRUE
"1271",18157,"AGR6",3,"agree",FALSE
"1272",18157,"AGR7",5,"agree",TRUE
"1273",18157,"AGR8",3,"agree",FALSE
"1274",18157,"AGR9",3,"agree",FALSE
"1275",18157,"AGR10",2,"agree",FALSE
"1276",18157,"CSN1",3,"consc",FALSE
"1277",18157,"CSN2",3,"consc",TRUE
"1278",18157,"CSN3",3,"consc",FALSE
"1279",18157,"CSN4",1,"consc",TRUE
"1280",18157,"CSN5",1,"consc",FALSE
"1281",18157,"CSN6",2,"consc",TRUE
"1282",18157,"CSN7",5,"consc",FALSE
"1283",18157,"CSN8",3,"consc",TRUE
"1284",18157,"CSN9",5,"consc",FALSE
"1285",18157,"CSN10",3,"consc",FALSE
"1286",18157,"OPN1",3,"open",FALSE
"1287",18157,"OPN2",3,"open",TRUE
"1288",18157,"OPN3",1,"open",FALSE
"1289",18157,"OPN4",1,"open",TRUE
"1290",18157,"OPN5",5,"open",FALSE
"1291",18157,"OPN6",5,"open",TRUE
"1292",18157,"OPN7",5,"open",FALSE
"1293",18157,"OPN8",1,"open",FALSE
"1294",18157,"OPN9",4,"open",FALSE
"1295",18157,"OPN10",4,"open",FALSE
"1296",18724,"EXT1",2,"extra",FALSE
"1297",18724,"EXT2",3,"extra",TRUE
"1298",18724,"EXT3",4,"extra",FALSE
"1299",18724,"EXT4",3,"extra",TRUE
"1300",18724,"EXT5",3,"extra",FALSE
"1301",18724,"EXT6",3,"extra",TRUE
"1302",18724,"EXT7",2,"extra",FALSE
"1303",18724,"EXT8",4,"extra",TRUE
"1304",18724,"EXT9",2,"extra",FALSE
"1305",18724,"EXT10",4,"extra",TRUE
"1306",18724,"EST1",4,"neuro",FALSE
"1307",18724,"EST2",2,"neuro",TRUE
"1308",18724,"EST3",3,"neuro",FALSE
"1309",18724,"EST4",2,"neuro",TRUE
"1310",18724,"EST5",4,"neuro",FALSE
"1311",18724,"EST6",3,"neuro",FALSE
"1312",18724,"EST7",3,"neuro",FALSE
"1313",18724,"EST8",2,"neuro",FALSE
"1314",18724,"EST9",1,"neuro",FALSE
"1315",18724,"EST10",4,"neuro",FALSE
"1316",18724,"AGR1",3,"agree",TRUE
"1317",18724,"AGR2",4,"agree",FALSE
"1318",18724,"AGR3",2,"agree",TRUE
"1319",18724,"AGR4",4,"agree",FALSE
"1320",18724,"AGR5",2,"agree",TRUE
"1321",18724,"AGR6",2,"agree",FALSE
"1322",18724,"AGR7",3,"agree",TRUE
"1323",18724,"AGR8",4,"agree",FALSE
"1324",18724,"AGR9",4,"agree",FALSE
"1325",18724,"AGR10",4,"agree",FALSE
"1326",18724,"CSN1",2,"consc",FALSE
"1327",18724,"CSN2",3,"consc",TRUE
"1328",18724,"CSN3",5,"consc",FALSE
"1329",18724,"CSN4",3,"consc",TRUE
"1330",18724,"CSN5",1,"consc",FALSE
"1331",18724,"CSN6",3,"consc",TRUE
"1332",18724,"CSN7",3,"consc",FALSE
"1333",18724,"CSN8",3,"consc",TRUE
"1334",18724,"CSN9",2,"consc",FALSE
"1335",18724,"CSN10",4,"consc",FALSE
"1336",18724,"OPN1",4,"open",FALSE
"1337",18724,"OPN2",1,"open",TRUE
"1338",18724,"OPN3",5,"open",FALSE
"1339",18724,"OPN4",1,"open",TRUE
"1340",18724,"OPN5",4,"open",FALSE
"1341",18724,"OPN6",1,"open",TRUE
"1342",18724,"OPN7",4,"open",FALSE
"1343",18724,"OPN8",4,"open",FALSE
"1344",18724,"OPN9",4,"open",FALSE
"1345",18724,"OPN10",5,"open",FALSE
"1346",20215,"EXT1",1,"extra",FALSE
"1347",20215,"EXT2",1,"extra",TRUE
"1348",20215,"EXT3",2,"extra",FALSE
"1349",20215,"EXT4",4,"extra",TRUE
"1350",20215,"EXT5",2,"extra",FALSE
"1351",20215,"EXT6",2,"extra",TRUE
"1352",20215,"EXT7",1,"extra",FALSE
"1353",20215,"EXT8",5,"extra",TRUE
"1354",20215,"EXT9",2,"extra",FALSE
"1355",20215,"EXT10",4,"extra",TRUE
"1356",20215,"EST1",3,"neuro",FALSE
"1357",20215,"EST2",4,"neuro",TRUE
"1358",20215,"EST3",4,"neuro",FALSE
"1359",20215,"EST4",2,"neuro",TRUE
"1360",20215,"EST5",3,"neuro",FALSE
"1361",20215,"EST6",2,"neuro",FALSE
"1362",20215,"EST7",2,"neuro",FALSE
"1363",20215,"EST8",2,"neuro",FALSE
"1364",20215,"EST9",3,"neuro",FALSE
"1365",20215,"EST10",4,"neuro",FALSE
"1366",20215,"AGR1",1,"agree",TRUE
"1367",20215,"AGR2",4,"agree",FALSE
"1368",20215,"AGR3",2,"agree",TRUE
"1369",20215,"AGR4",5,"agree",FALSE
"1370",20215,"AGR5",1,"agree",TRUE
"1371",20215,"AGR6",5,"agree",FALSE
"1372",20215,"AGR7",1,"agree",TRUE
"1373",20215,"AGR8",5,"agree",FALSE
"1374",20215,"AGR9",4,"agree",FALSE
"1375",20215,"AGR10",3,"agree",FALSE
"1376",20215,"CSN1",4,"consc",FALSE
"1377",20215,"CSN2",1,"consc",TRUE
"1378",20215,"CSN3",5,"consc",FALSE
"1379",20215,"CSN4",1,"consc",TRUE
"1380",20215,"CSN5",5,"consc",FALSE
"1381",20215,"CSN6",1,"consc",TRUE
"1382",20215,"CSN7",4,"consc",FALSE
"1383",20215,"CSN8",3,"consc",TRUE
"1384",20215,"CSN9",4,"consc",FALSE
"1385",20215,"CSN10",4,"consc",FALSE
"1386",20215,"OPN1",3,"open",FALSE
"1387",20215,"OPN2",1,"open",TRUE
"1388",20215,"OPN3",5,"open",FALSE
"1389",20215,"OPN4",1,"open",TRUE
"1390",20215,"OPN5",5,"open",FALSE
"1391",20215,"OPN6",1,"open",TRUE
"1392",20215,"OPN7",5,"open",FALSE
"1393",20215,"OPN8",2,"open",FALSE
"1394",20215,"OPN9",5,"open",FALSE
"1395",20215,"OPN10",5,"open",FALSE
"1396",20791,"EXT1",3,"extra",FALSE
"1397",20791,"EXT2",4,"extra",TRUE
"1398",20791,"EXT3",3,"extra",FALSE
"1399",20791,"EXT4",5,"extra",TRUE
"1400",20791,"EXT5",3,"extra",FALSE
"1401",20791,"EXT6",4,"extra",TRUE
"1402",20791,"EXT7",1,"extra",FALSE
"1403",20791,"EXT8",5,"extra",TRUE
"1404",20791,"EXT9",1,"extra",FALSE
"1405",20791,"EXT10",5,"extra",TRUE
"1406",20791,"EST1",5,"neuro",FALSE
"1407",20791,"EST2",4,"neuro",TRUE
"1408",20791,"EST3",5,"neuro",FALSE
"1409",20791,"EST4",1,"neuro",TRUE
"1410",20791,"EST5",1,"neuro",FALSE
"1411",20791,"EST6",3,"neuro",FALSE
"1412",20791,"EST7",5,"neuro",FALSE
"1413",20791,"EST8",5,"neuro",FALSE
"1414",20791,"EST9",4,"neuro",FALSE
"1415",20791,"EST10",5,"neuro",FALSE
"1416",20791,"AGR1",1,"agree",TRUE
"1417",20791,"AGR2",4,"agree",FALSE
"1418",20791,"AGR3",2,"agree",TRUE
"1419",20791,"AGR4",5,"agree",FALSE
"1420",20791,"AGR5",1,"agree",TRUE
"1421",20791,"AGR6",4,"agree",FALSE
"1422",20791,"AGR7",3,"agree",TRUE
"1423",20791,"AGR8",5,"agree",FALSE
"1424",20791,"AGR9",5,"agree",FALSE
"1425",20791,"AGR10",4,"agree",FALSE
"1426",20791,"CSN1",5,"consc",FALSE
"1427",20791,"CSN2",3,"consc",TRUE
"1428",20791,"CSN3",4,"consc",FALSE
"1429",20791,"CSN4",3,"consc",TRUE
"1430",20791,"CSN5",2,"consc",FALSE
"1431",20791,"CSN6",2,"consc",TRUE
"1432",20791,"CSN7",4,"consc",FALSE
"1433",20791,"CSN8",3,"consc",TRUE
"1434",20791,"CSN9",5,"consc",FALSE
"1435",20791,"CSN10",5,"consc",FALSE
"1436",20791,"OPN1",3,"open",FALSE
"1437",20791,"OPN2",3,"open",TRUE
"1438",20791,"OPN3",5,"open",FALSE
"1439",20791,"OPN4",2,"open",TRUE
"1440",20791,"OPN5",3,"open",FALSE
"1441",20791,"OPN6",3,"open",TRUE
"1442",20791,"OPN7",5,"open",FALSE
"1443",20791,"OPN8",2,"open",FALSE
"1444",20791,"OPN9",5,"open",FALSE
"1445",20791,"OPN10",3,"open",FALSE
"1446",21648,"EXT1",2,"extra",FALSE
"1447",21648,"EXT2",5,"extra",TRUE
"1448",21648,"EXT3",1,"extra",FALSE
"1449",21648,"EXT4",4,"extra",TRUE
"1450",21648,"EXT5",1,"extra",FALSE
"1451",21648,"EXT6",5,"extra",TRUE
"1452",21648,"EXT7",1,"extra",FALSE
"1453",21648,"EXT8",4,"extra",TRUE
"1454",21648,"EXT9",1,"extra",FALSE
"1455",21648,"EXT10",1,"extra",TRUE
"1456",21648,"EST1",4,"neuro",FALSE
"1457",21648,"EST2",3,"neuro",TRUE
"1458",21648,"EST3",5,"neuro",FALSE
"1459",21648,"EST4",4,"neuro",TRUE
"1460",21648,"EST5",3,"neuro",FALSE
"1461",21648,"EST6",3,"neuro",FALSE
"1462",21648,"EST7",2,"neuro",FALSE
"1463",21648,"EST8",2,"neuro",FALSE
"1464",21648,"EST9",5,"neuro",FALSE
"1465",21648,"EST10",4,"neuro",FALSE
"1466",21648,"AGR1",3,"agree",TRUE
"1467",21648,"AGR2",2,"agree",FALSE
"1468",21648,"AGR3",1,"agree",TRUE
"1469",21648,"AGR4",4,"agree",FALSE
"1470",21648,"AGR5",3,"agree",TRUE
"1471",21648,"AGR6",4,"agree",FALSE
"1472",21648,"AGR7",4,"agree",TRUE
"1473",21648,"AGR8",4,"agree",FALSE
"1474",21648,"AGR9",4,"agree",FALSE
"1475",21648,"AGR10",3,"agree",FALSE
"1476",21648,"CSN1",4,"consc",FALSE
"1477",21648,"CSN2",1,"consc",TRUE
"1478",21648,"CSN3",5,"consc",FALSE
"1479",21648,"CSN4",1,"consc",TRUE
"1480",21648,"CSN5",5,"consc",FALSE
"1481",21648,"CSN6",1,"consc",TRUE
"1482",21648,"CSN7",5,"consc",FALSE
"1483",21648,"CSN8",2,"consc",TRUE
"1484",21648,"CSN9",4,"consc",FALSE
"1485",21648,"CSN10",3,"consc",FALSE
"1486",21648,"OPN1",2,"open",FALSE
"1487",21648,"OPN2",1,"open",TRUE
"1488",21648,"OPN3",4,"open",FALSE
"1489",21648,"OPN4",2,"open",TRUE
"1490",21648,"OPN5",4,"open",FALSE
"1491",21648,"OPN6",1,"open",TRUE
"1492",21648,"OPN7",4,"open",FALSE
"1493",21648,"OPN8",2,"open",FALSE
"1494",21648,"OPN9",5,"open",FALSE
"1495",21648,"OPN10",4,"open",FALSE
"1496",21965,"EXT1",3,"extra",FALSE
"1497",21965,"EXT2",3,"extra",TRUE
"1498",21965,"EXT3",3,"extra",FALSE
"1499",21965,"EXT4",3,"extra",TRUE
"1500",21965,"EXT5",3,"extra",FALSE
"1501",21965,"EXT6",3,"extra",TRUE
"1502",21965,"EXT7",3,"extra",FALSE
"1503",21965,"EXT8",3,"extra",TRUE
"1504",21965,"EXT9",2,"extra",FALSE
"1505",21965,"EXT10",4,"extra",TRUE
"1506",21965,"EST1",4,"neuro",FALSE
"1507",21965,"EST2",2,"neuro",TRUE
"1508",21965,"EST3",4,"neuro",FALSE
"1509",21965,"EST4",1,"neuro",TRUE
"1510",21965,"EST5",2,"neuro",FALSE
"1511",21965,"EST6",4,"neuro",FALSE
"1512",21965,"EST7",3,"neuro",FALSE
"1513",21965,"EST8",4,"neuro",FALSE
"1514",21965,"EST9",3,"neuro",FALSE
"1515",21965,"EST10",5,"neuro",FALSE
"1516",21965,"AGR1",2,"agree",TRUE
"1517",21965,"AGR2",3,"agree",FALSE
"1518",21965,"AGR3",2,"agree",TRUE
"1519",21965,"AGR4",4,"agree",FALSE
"1520",21965,"AGR5",4,"agree",TRUE
"1521",21965,"AGR6",5,"agree",FALSE
"1522",21965,"AGR7",4,"agree",TRUE
"1523",21965,"AGR8",4,"agree",FALSE
"1524",21965,"AGR9",3,"agree",FALSE
"1525",21965,"AGR10",3,"agree",FALSE
"1526",21965,"CSN1",1,"consc",FALSE
"1527",21965,"CSN2",4,"consc",TRUE
"1528",21965,"CSN3",3,"consc",FALSE
"1529",21965,"CSN4",3,"consc",TRUE
"1530",21965,"CSN5",1,"consc",FALSE
"1531",21965,"CSN6",4,"consc",TRUE
"1532",21965,"CSN7",2,"consc",FALSE
"1533",21965,"CSN8",4,"consc",TRUE
"1534",21965,"CSN9",1,"consc",FALSE
"1535",21965,"CSN10",2,"consc",FALSE
"1536",21965,"OPN1",5,"open",FALSE
"1537",21965,"OPN2",1,"open",TRUE
"1538",21965,"OPN3",5,"open",FALSE
"1539",21965,"OPN4",1,"open",TRUE
"1540",21965,"OPN5",3,"open",FALSE
"1541",21965,"OPN6",1,"open",TRUE
"1542",21965,"OPN7",3,"open",FALSE
"1543",21965,"OPN8",5,"open",FALSE
"1544",21965,"OPN9",2,"open",FALSE
"1545",21965,"OPN10",3,"open",FALSE
"1546",22421,"EXT1",1,"extra",FALSE
"1547",22421,"EXT2",4,"extra",TRUE
"1548",22421,"EXT3",3,"extra",FALSE
"1549",22421,"EXT4",4,"extra",TRUE
"1550",22421,"EXT5",2,"extra",FALSE
"1551",22421,"EXT6",3,"extra",TRUE
"1552",22421,"EXT7",1,"extra",FALSE
"1553",22421,"EXT8",4,"extra",TRUE
"1554",22421,"EXT9",2,"extra",FALSE
"1555",22421,"EXT10",4,"extra",TRUE
"1556",22421,"EST1",3,"neuro",FALSE
"1557",22421,"EST2",5,"neuro",TRUE
"1558",22421,"EST3",4,"neuro",FALSE
"1559",22421,"EST4",3,"neuro",TRUE
"1560",22421,"EST5",3,"neuro",FALSE
"1561",22421,"EST6",2,"neuro",FALSE
"1562",22421,"EST7",4,"neuro",FALSE
"1563",22421,"EST8",3,"neuro",FALSE
"1564",22421,"EST9",4,"neuro",FALSE
"1565",22421,"EST10",2,"neuro",FALSE
"1566",22421,"AGR1",2,"agree",TRUE
"1567",22421,"AGR2",3,"agree",FALSE
"1568",22421,"AGR3",2,"agree",TRUE
"1569",22421,"AGR4",4,"agree",FALSE
"1570",22421,"AGR5",2,"agree",TRUE
"1571",22421,"AGR6",5,"agree",FALSE
"1572",22421,"AGR7",2,"agree",TRUE
"1573",22421,"AGR8",4,"agree",FALSE
"1574",22421,"AGR9",5,"agree",FALSE
"1575",22421,"AGR10",3,"agree",FALSE
"1576",22421,"CSN1",4,"consc",FALSE
"1577",22421,"CSN2",1,"consc",TRUE
"1578",22421,"CSN3",2,"consc",FALSE
"1579",22421,"CSN4",1,"consc",TRUE
"1580",22421,"CSN5",2,"consc",FALSE
"1581",22421,"CSN6",2,"consc",TRUE
"1582",22421,"CSN7",4,"consc",FALSE
"1583",22421,"CSN8",2,"consc",TRUE
"1584",22421,"CSN9",2,"consc",FALSE
"1585",22421,"CSN10",2,"consc",FALSE
"1586",22421,"OPN1",4,"open",FALSE
"1587",22421,"OPN2",2,"open",TRUE
"1588",22421,"OPN3",4,"open",FALSE
"1589",22421,"OPN4",2,"open",TRUE
"1590",22421,"OPN5",4,"open",FALSE
"1591",22421,"OPN6",2,"open",TRUE
"1592",22421,"OPN7",3,"open",FALSE
"1593",22421,"OPN8",4,"open",FALSE
"1594",22421,"OPN9",5,"open",FALSE
"1595",22421,"OPN10",4,"open",FALSE
"1596",22521,"EXT1",4,"extra",FALSE
"1597",22521,"EXT2",1,"extra",TRUE
"1598",22521,"EXT3",5,"extra",FALSE
"1599",22521,"EXT4",1,"extra",TRUE
"1600",22521,"EXT5",5,"extra",FALSE
"1601",22521,"EXT6",1,"extra",TRUE
"1602",22521,"EXT7",5,"extra",FALSE
"1603",22521,"EXT8",2,"extra",TRUE
"1604",22521,"EXT9",5,"extra",FALSE
"1605",22521,"EXT10",1,"extra",TRUE
"1606",22521,"EST1",2,"neuro",FALSE
"1607",22521,"EST2",4,"neuro",TRUE
"1608",22521,"EST3",4,"neuro",FALSE
"1609",22521,"EST4",2,"neuro",TRUE
"1610",22521,"EST5",2,"neuro",FALSE
"1611",22521,"EST6",2,"neuro",FALSE
"1612",22521,"EST7",2,"neuro",FALSE
"1613",22521,"EST8",2,"neuro",FALSE
"1614",22521,"EST9",2,"neuro",FALSE
"1615",22521,"EST10",2,"neuro",FALSE
"1616",22521,"AGR1",2,"agree",TRUE
"1617",22521,"AGR2",5,"agree",FALSE
"1618",22521,"AGR3",4,"agree",TRUE
"1619",22521,"AGR4",5,"agree",FALSE
"1620",22521,"AGR5",1,"agree",TRUE
"1621",22521,"AGR6",5,"agree",FALSE
"1622",22521,"AGR7",1,"agree",TRUE
"1623",22521,"AGR8",5,"agree",FALSE
"1624",22521,"AGR9",5,"agree",FALSE
"1625",22521,"AGR10",5,"agree",FALSE
"1626",22521,"CSN1",4,"consc",FALSE
"1627",22521,"CSN2",5,"consc",TRUE
"1628",22521,"CSN3",5,"consc",FALSE
"1629",22521,"CSN4",4,"consc",TRUE
"1630",22521,"CSN5",2,"consc",FALSE
"1631",22521,"CSN6",4,"consc",TRUE
"1632",22521,"CSN7",2,"consc",FALSE
"1633",22521,"CSN8",3,"consc",TRUE
"1634",22521,"CSN9",4,"consc",FALSE
"1635",22521,"CSN10",5,"consc",FALSE
"1636",22521,"OPN1",5,"open",FALSE
"1637",22521,"OPN2",1,"open",TRUE
"1638",22521,"OPN3",5,"open",FALSE
"1639",22521,"OPN4",1,"open",TRUE
"1640",22521,"OPN5",5,"open",FALSE
"1641",22521,"OPN6",1,"open",TRUE
"1642",22521,"OPN7",5,"open",FALSE
"1643",22521,"OPN8",5,"open",FALSE
"1644",22521,"OPN9",5,"open",FALSE
"1645",22521,"OPN10",5,"open",FALSE
"1646",22983,"EXT1",2,"extra",FALSE
"1647",22983,"EXT2",1,"extra",TRUE
"1648",22983,"EXT3",4,"extra",FALSE
"1649",22983,"EXT4",2,"extra",TRUE
"1650",22983,"EXT5",3,"extra",FALSE
"1651",22983,"EXT6",1,"extra",TRUE
"1652",22983,"EXT7",1,"extra",FALSE
"1653",22983,"EXT8",4,"extra",TRUE
"1654",22983,"EXT9",3,"extra",FALSE
"1655",22983,"EXT10",4,"extra",TRUE
"1656",22983,"EST1",5,"neuro",FALSE
"1657",22983,"EST2",3,"neuro",TRUE
"1658",22983,"EST3",5,"neuro",FALSE
"1659",22983,"EST4",2,"neuro",TRUE
"1660",22983,"EST5",5,"neuro",FALSE
"1661",22983,"EST6",5,"neuro",FALSE
"1662",22983,"EST7",4,"neuro",FALSE
"1663",22983,"EST8",3,"neuro",FALSE
"1664",22983,"EST9",5,"neuro",FALSE
"1665",22983,"EST10",3,"neuro",FALSE
"1666",22983,"AGR1",1,"agree",TRUE
"1667",22983,"AGR2",5,"agree",FALSE
"1668",22983,"AGR3",1,"agree",TRUE
"1669",22983,"AGR4",5,"agree",FALSE
"1670",22983,"AGR5",1,"agree",TRUE
"1671",22983,"AGR6",5,"agree",FALSE
"1672",22983,"AGR7",1,"agree",TRUE
"1673",22983,"AGR8",4,"agree",FALSE
"1674",22983,"AGR9",5,"agree",FALSE
"1675",22983,"AGR10",3,"agree",FALSE
"1676",22983,"CSN1",5,"consc",FALSE
"1677",22983,"CSN2",3,"consc",TRUE
"1678",22983,"CSN3",5,"consc",FALSE
"1679",22983,"CSN4",3,"consc",TRUE
"1680",22983,"CSN5",2,"consc",FALSE
"1681",22983,"CSN6",2,"consc",TRUE
"1682",22983,"CSN7",4,"consc",FALSE
"1683",22983,"CSN8",3,"consc",TRUE
"1684",22983,"CSN9",5,"consc",FALSE
"1685",22983,"CSN10",5,"consc",FALSE
"1686",22983,"OPN1",2,"open",FALSE
"1687",22983,"OPN2",2,"open",TRUE
"1688",22983,"OPN3",5,"open",FALSE
"1689",22983,"OPN4",1,"open",TRUE
"1690",22983,"OPN5",5,"open",FALSE
"1691",22983,"OPN6",1,"open",TRUE
"1692",22983,"OPN7",5,"open",FALSE
"1693",22983,"OPN8",1,"open",FALSE
"1694",22983,"OPN9",4,"open",FALSE
"1695",22983,"OPN10",5,"open",FALSE
"1696",25349,"EXT1",4,"extra",FALSE
"1697",25349,"EXT2",1,"extra",TRUE
"1698",25349,"EXT3",4,"extra",FALSE
"1699",25349,"EXT4",3,"extra",TRUE
"1700",25349,"EXT5",4,"extra",FALSE
"1701",25349,"EXT6",1,"extra",TRUE
"1702",25349,"EXT7",3,"extra",FALSE
"1703",25349,"EXT8",2,"extra",TRUE
"1704",25349,"EXT9",4,"extra",FALSE
"1705",25349,"EXT10",4,"extra",TRUE
"1706",25349,"EST1",4,"neuro",FALSE
"1707",25349,"EST2",3,"neuro",TRUE
"1708",25349,"EST3",5,"neuro",FALSE
"1709",25349,"EST4",1,"neuro",TRUE
"1710",25349,"EST5",5,"neuro",FALSE
"1711",25349,"EST6",4,"neuro",FALSE
"1712",25349,"EST7",5,"neuro",FALSE
"1713",25349,"EST8",4,"neuro",FALSE
"1714",25349,"EST9",4,"neuro",FALSE
"1715",25349,"EST10",4,"neuro",FALSE
"1716",25349,"AGR1",5,"agree",TRUE
"1717",25349,"AGR2",2,"agree",FALSE
"1718",25349,"AGR3",2,"agree",TRUE
"1719",25349,"AGR4",5,"agree",FALSE
"1720",25349,"AGR5",1,"agree",TRUE
"1721",25349,"AGR6",5,"agree",FALSE
"1722",25349,"AGR7",2,"agree",TRUE
"1723",25349,"AGR8",4,"agree",FALSE
"1724",25349,"AGR9",5,"agree",FALSE
"1725",25349,"AGR10",4,"agree",FALSE
"1726",25349,"CSN1",2,"consc",FALSE
"1727",25349,"CSN2",3,"consc",TRUE
"1728",25349,"CSN3",5,"consc",FALSE
"1729",25349,"CSN4",3,"consc",TRUE
"1730",25349,"CSN5",2,"consc",FALSE
"1731",25349,"CSN6",3,"consc",TRUE
"1732",25349,"CSN7",1,"consc",FALSE
"1733",25349,"CSN8",2,"consc",TRUE
"1734",25349,"CSN9",3,"consc",FALSE
"1735",25349,"CSN10",3,"consc",FALSE
"1736",25349,"OPN1",4,"open",FALSE
"1737",25349,"OPN2",3,"open",TRUE
"1738",25349,"OPN3",4,"open",FALSE
"1739",25349,"OPN4",1,"open",TRUE
"1740",25349,"OPN5",3,"open",FALSE
"1741",25349,"OPN6",1,"open",TRUE
"1742",25349,"OPN7",4,"open",FALSE
"1743",25349,"OPN8",4,"open",FALSE
"1744",25349,"OPN9",3,"open",FALSE
"1745",25349,"OPN10",4,"open",FALSE
"1746",26282,"EXT1",5,"extra",FALSE
"1747",26282,"EXT2",2,"extra",TRUE
"1748",26282,"EXT3",3,"extra",FALSE
"1749",26282,"EXT4",3,"extra",TRUE
"1750",26282,"EXT5",2,"extra",FALSE
"1751",26282,"EXT6",2,"extra",TRUE
"1752",26282,"EXT7",3,"extra",FALSE
"1753",26282,"EXT8",2,"extra",TRUE
"1754",26282,"EXT9",5,"extra",FALSE
"1755",26282,"EXT10",4,"extra",TRUE
"1756",26282,"EST1",4,"neuro",FALSE
"1757",26282,"EST2",2,"neuro",TRUE
"1758",26282,"EST3",4,"neuro",FALSE
"1759",26282,"EST4",3,"neuro",TRUE
"1760",26282,"EST5",2,"neuro",FALSE
"1761",26282,"EST6",3,"neuro",FALSE
"1762",26282,"EST7",2,"neuro",FALSE
"1763",26282,"EST8",2,"neuro",FALSE
"1764",26282,"EST9",3,"neuro",FALSE
"1765",26282,"EST10",3,"neuro",FALSE
"1766",26282,"AGR1",3,"agree",TRUE
"1767",26282,"AGR2",5,"agree",FALSE
"1768",26282,"AGR3",2,"agree",TRUE
"1769",26282,"AGR4",2,"agree",FALSE
"1770",26282,"AGR5",3,"agree",TRUE
"1771",26282,"AGR6",5,"agree",FALSE
"1772",26282,"AGR7",2,"agree",TRUE
"1773",26282,"AGR8",4,"agree",FALSE
"1774",26282,"AGR9",3,"agree",FALSE
"1775",26282,"AGR10",4,"agree",FALSE
"1776",26282,"CSN1",4,"consc",FALSE
"1777",26282,"CSN2",2,"consc",TRUE
"1778",26282,"CSN3",3,"consc",FALSE
"1779",26282,"CSN4",4,"consc",TRUE
"1780",26282,"CSN5",3,"consc",FALSE
"1781",26282,"CSN6",4,"consc",TRUE
"1782",26282,"CSN7",3,"consc",FALSE
"1783",26282,"CSN8",3,"consc",TRUE
"1784",26282,"CSN9",5,"consc",FALSE
"1785",26282,"CSN10",4,"consc",FALSE
"1786",26282,"OPN1",3,"open",FALSE
"1787",26282,"OPN2",3,"open",TRUE
"1788",26282,"OPN3",3,"open",FALSE
"1789",26282,"OPN4",2,"open",TRUE
"1790",26282,"OPN5",2,"open",FALSE
"1791",26282,"OPN6",3,"open",TRUE
"1792",26282,"OPN7",4,"open",FALSE
"1793",26282,"OPN8",2,"open",FALSE
"1794",26282,"OPN9",4,"open",FALSE
"1795",26282,"OPN10",3,"open",FALSE
"1796",26568,"EXT1",3,"extra",FALSE
"1797",26568,"EXT2",3,"extra",TRUE
"1798",26568,"EXT3",4,"extra",FALSE
"1799",26568,"EXT4",3,"extra",TRUE
"1800",26568,"EXT5",3,"extra",FALSE
"1801",26568,"EXT6",2,"extra",TRUE
"1802",26568,"EXT7",4,"extra",FALSE
"1803",26568,"EXT8",4,"extra",TRUE
"1804",26568,"EXT9",5,"extra",FALSE
"1805",26568,"EXT10",4,"extra",TRUE
"1806",26568,"EST1",4,"neuro",FALSE
"1807",26568,"EST2",2,"neuro",TRUE
"1808",26568,"EST3",5,"neuro",FALSE
"1809",26568,"EST4",2,"neuro",TRUE
"1810",26568,"EST5",4,"neuro",FALSE
"1811",26568,"EST6",4,"neuro",FALSE
"1812",26568,"EST7",4,"neuro",FALSE
"1813",26568,"EST8",4,"neuro",FALSE
"1814",26568,"EST9",4,"neuro",FALSE
"1815",26568,"EST10",4,"neuro",FALSE
"1816",26568,"AGR1",1,"agree",TRUE
"1817",26568,"AGR2",4,"agree",FALSE
"1818",26568,"AGR3",4,"agree",TRUE
"1819",26568,"AGR4",4,"agree",FALSE
"1820",26568,"AGR5",3,"agree",TRUE
"1821",26568,"AGR6",4,"agree",FALSE
"1822",26568,"AGR7",2,"agree",TRUE
"1823",26568,"AGR8",4,"agree",FALSE
"1824",26568,"AGR9",4,"agree",FALSE
"1825",26568,"AGR10",3,"agree",FALSE
"1826",26568,"CSN1",4,"consc",FALSE
"1827",26568,"CSN3",3,"consc",FALSE
"1828",26568,"CSN4",2,"consc",TRUE
"1829",26568,"CSN5",4,"consc",FALSE
"1830",26568,"CSN6",2,"consc",TRUE
"1831",26568,"CSN7",5,"consc",FALSE
"1832",26568,"CSN8",2,"consc",TRUE
"1833",26568,"CSN9",4,"consc",FALSE
"1834",26568,"CSN10",4,"consc",FALSE
"1835",26568,"OPN1",3,"open",FALSE
"1836",26568,"OPN2",3,"open",TRUE
"1837",26568,"OPN3",2,"open",FALSE
"1838",26568,"OPN4",1,"open",TRUE
"1839",26568,"OPN5",2,"open",FALSE
"1840",26568,"OPN6",5,"open",TRUE
"1841",26568,"OPN7",3,"open",FALSE
"1842",26568,"OPN8",4,"open",FALSE
"1843",26568,"OPN9",3,"open",FALSE
"1844",26568,"OPN10",3,"open",FALSE
"1845",27982,"EXT1",3,"extra",FALSE
"1846",27982,"EXT2",1,"extra",TRUE
"1847",27982,"EXT3",3,"extra",FALSE
"1848",27982,"EXT4",3,"extra",TRUE
"1849",27982,"EXT5",4,"extra",FALSE
"1850",27982,"EXT6",3,"extra",TRUE
"1851",27982,"EXT7",3,"extra",FALSE
"1852",27982,"EXT8",3,"extra",TRUE
"1853",27982,"EXT9",4,"extra",FALSE
"1854",27982,"EXT10",2,"extra",TRUE
"1855",27982,"EST1",4,"neuro",FALSE
"1856",27982,"EST2",2,"neuro",TRUE
"1857",27982,"EST3",4,"neuro",FALSE
"1858",27982,"EST4",2,"neuro",TRUE
"1859",27982,"EST5",3,"neuro",FALSE
"1860",27982,"EST6",2,"neuro",FALSE
"1861",27982,"EST7",4,"neuro",FALSE
"1862",27982,"EST8",2,"neuro",FALSE
"1863",27982,"EST9",2,"neuro",FALSE
"1864",27982,"EST10",3,"neuro",FALSE
"1865",27982,"AGR1",2,"agree",TRUE
"1866",27982,"AGR2",4,"agree",FALSE
"1867",27982,"AGR3",2,"agree",TRUE
"1868",27982,"AGR4",4,"agree",FALSE
"1869",27982,"AGR5",2,"agree",TRUE
"1870",27982,"AGR6",5,"agree",FALSE
"1871",27982,"AGR7",4,"agree",TRUE
"1872",27982,"AGR8",4,"agree",FALSE
"1873",27982,"AGR9",4,"agree",FALSE
"1874",27982,"AGR10",3,"agree",FALSE
"1875",27982,"CSN1",4,"consc",FALSE
"1876",27982,"CSN2",4,"consc",TRUE
"1877",27982,"CSN3",4,"consc",FALSE
"1878",27982,"CSN4",4,"consc",TRUE
"1879",27982,"CSN5",2,"consc",FALSE
"1880",27982,"CSN6",2,"consc",TRUE
"1881",27982,"CSN7",3,"consc",FALSE
"1882",27982,"CSN8",3,"consc",TRUE
"1883",27982,"CSN9",3,"consc",FALSE
"1884",27982,"CSN10",3,"consc",FALSE
"1885",27982,"OPN1",3,"open",FALSE
"1886",27982,"OPN2",3,"open",TRUE
"1887",27982,"OPN3",4,"open",FALSE
"1888",27982,"OPN4",3,"open",TRUE
"1889",27982,"OPN5",4,"open",FALSE
"1890",27982,"OPN6",1,"open",TRUE
"1891",27982,"OPN7",3,"open",FALSE
"1892",27982,"OPN8",3,"open",FALSE
"1893",27982,"OPN9",4,"open",FALSE
"1894",27982,"OPN10",4,"open",FALSE
"1895",29203,"EXT1",3,"extra",FALSE
"1896",29203,"EXT2",3,"extra",TRUE
"1897",29203,"EXT3",4,"extra",FALSE
"1898",29203,"EXT4",2,"extra",TRUE
"1899",29203,"EXT5",3,"extra",FALSE
"1900",29203,"EXT6",2,"extra",TRUE
"1901",29203,"EXT7",3,"extra",FALSE
"1902",29203,"EXT8",3,"extra",TRUE
"1903",29203,"EXT9",2,"extra",FALSE
"1904",29203,"EXT10",3,"extra",TRUE
"1905",29203,"EST1",4,"neuro",FALSE
"1906",29203,"EST2",2,"neuro",TRUE
"1907",29203,"EST3",5,"neuro",FALSE
"1908",29203,"EST4",5,"neuro",TRUE
"1909",29203,"EST5",1,"neuro",FALSE
"1910",29203,"EST6",2,"neuro",FALSE
"1911",29203,"EST7",4,"neuro",FALSE
"1912",29203,"EST8",2,"neuro",FALSE
"1913",29203,"EST9",4,"neuro",FALSE
"1914",29203,"EST10",1,"neuro",FALSE
"1915",29203,"AGR1",1,"agree",TRUE
"1916",29203,"AGR2",4,"agree",FALSE
"1917",29203,"AGR3",1,"agree",TRUE
"1918",29203,"AGR4",4,"agree",FALSE
"1919",29203,"AGR5",2,"agree",TRUE
"1920",29203,"AGR6",2,"agree",FALSE
"1921",29203,"AGR7",1,"agree",TRUE
"1922",29203,"AGR8",2,"agree",FALSE
"1923",29203,"AGR9",4,"agree",FALSE
"1924",29203,"AGR10",5,"agree",FALSE
"1925",29203,"CSN1",5,"consc",FALSE
"1926",29203,"CSN2",1,"consc",TRUE
"1927",29203,"CSN3",5,"consc",FALSE
"1928",29203,"CSN4",1,"consc",TRUE
"1929",29203,"CSN5",2,"consc",FALSE
"1930",29203,"CSN6",1,"consc",TRUE
"1931",29203,"CSN7",4,"consc",FALSE
"1932",29203,"CSN8",2,"consc",TRUE
"1933",29203,"CSN9",3,"consc",FALSE
"1934",29203,"CSN10",4,"consc",FALSE
"1935",29203,"OPN1",4,"open",FALSE
"1936",29203,"OPN2",1,"open",TRUE
"1937",29203,"OPN3",3,"open",FALSE
"1938",29203,"OPN4",3,"open",TRUE
"1939",29203,"OPN5",5,"open",FALSE
"1940",29203,"OPN6",2,"open",TRUE
"1941",29203,"OPN7",5,"open",FALSE
"1942",29203,"OPN8",4,"open",FALSE
"1943",29203,"OPN9",4,"open",FALSE
"1944",29203,"OPN10",4,"open",FALSE
"1945",30376,"EXT1",3,"extra",FALSE
"1946",30376,"EXT2",3,"extra",TRUE
"1947",30376,"EXT3",4,"extra",FALSE
"1948",30376,"EXT4",4,"extra",TRUE
"1949",30376,"EXT5",4,"extra",FALSE
"1950",30376,"EXT6",2,"extra",TRUE
"1951",30376,"EXT7",3,"extra",FALSE
"1952",30376,"EXT8",4,"extra",TRUE
"1953",30376,"EXT9",3,"extra",FALSE
"1954",30376,"EXT10",3,"extra",TRUE
"1955",30376,"EST1",4,"neuro",FALSE
"1956",30376,"EST2",4,"neuro",TRUE
"1957",30376,"EST3",4,"neuro",FALSE
"1958",30376,"EST5",3,"neuro",FALSE
"1959",30376,"EST6",3,"neuro",FALSE
"1960",30376,"EST7",3,"neuro",FALSE
"1961",30376,"EST8",3,"neuro",FALSE
"1962",30376,"EST9",2,"neuro",FALSE
"1963",30376,"EST10",3,"neuro",FALSE
"1964",30376,"AGR1",1,"agree",TRUE
"1965",30376,"AGR2",5,"agree",FALSE
"1966",30376,"AGR3",1,"agree",TRUE
"1967",30376,"AGR4",4,"agree",FALSE
"1968",30376,"AGR5",1,"agree",TRUE
"1969",30376,"AGR6",5,"agree",FALSE
"1970",30376,"AGR7",1,"agree",TRUE
"1971",30376,"AGR8",4,"agree",FALSE
"1972",30376,"AGR9",4,"agree",FALSE
"1973",30376,"AGR10",4,"agree",FALSE
"1974",30376,"CSN1",4,"consc",FALSE
"1975",30376,"CSN2",4,"consc",TRUE
"1976",30376,"CSN3",4,"consc",FALSE
"1977",30376,"CSN4",4,"consc",TRUE
"1978",30376,"CSN5",3,"consc",FALSE
"1979",30376,"CSN6",4,"consc",TRUE
"1980",30376,"CSN7",4,"consc",FALSE
"1981",30376,"CSN8",1,"consc",TRUE
"1982",30376,"CSN9",4,"consc",FALSE
"1983",30376,"CSN10",4,"consc",FALSE
"1984",30376,"OPN1",4,"open",FALSE
"1985",30376,"OPN2",2,"open",TRUE
"1986",30376,"OPN3",5,"open",FALSE
"1987",30376,"OPN4",1,"open",TRUE
"1988",30376,"OPN5",4,"open",FALSE
"1989",30376,"OPN6",1,"open",TRUE
"1990",30376,"OPN7",4,"open",FALSE
"1991",30376,"OPN8",4,"open",FALSE
"1992",30376,"OPN9",4,"open",FALSE
"1993",30376,"OPN10",4,"open",FALSE
"1994",30578,"EXT1",1,"extra",FALSE
"1995",30578,"EXT2",5,"extra",TRUE
"1996",30578,"EXT3",2,"extra",FALSE
"1997",30578,"EXT4",5,"extra",TRUE
"1998",30578,"EXT5",2,"extra",FALSE
"1999",30578,"EXT7",2,"extra",FALSE
"2000",30578,"EXT8",5,"extra",TRUE
"2001",30578,"EXT9",2,"extra",FALSE
"2002",30578,"EXT10",4,"extra",TRUE
"2003",30578,"EST1",4,"neuro",FALSE
"2004",30578,"EST2",3,"neuro",TRUE
"2005",30578,"EST3",4,"neuro",FALSE
"2006",30578,"EST4",1,"neuro",TRUE
"2007",30578,"EST5",1,"neuro",FALSE
"2008",30578,"EST6",1,"neuro",FALSE
"2009",30578,"EST7",5,"neuro",FALSE
"2010",30578,"EST8",3,"neuro",FALSE
"2011",30578,"EST9",5,"neuro",FALSE
"2012",30578,"EST10",4,"neuro",FALSE
"2013",30578,"AGR1",2,"agree",TRUE
"2014",30578,"AGR2",1,"agree",FALSE
"2015",30578,"AGR3",4,"agree",TRUE
"2016",30578,"AGR4",5,"agree",FALSE
"2017",30578,"AGR5",4,"agree",TRUE
"2018",30578,"AGR6",2,"agree",FALSE
"2019",30578,"AGR7",4,"agree",TRUE
"2020",30578,"AGR8",4,"agree",FALSE
"2021",30578,"AGR9",2,"agree",FALSE
"2022",30578,"AGR10",4,"agree",FALSE
"2023",30578,"CSN1",5,"consc",FALSE
"2024",30578,"CSN2",4,"consc",TRUE
"2025",30578,"CSN3",5,"consc",FALSE
"2026",30578,"CSN4",4,"consc",TRUE
"2027",30578,"CSN5",1,"consc",FALSE
"2028",30578,"CSN6",2,"consc",TRUE
"2029",30578,"CSN7",4,"consc",FALSE
"2030",30578,"CSN8",4,"consc",TRUE
"2031",30578,"CSN9",4,"consc",FALSE
"2032",30578,"CSN10",4,"consc",FALSE
"2033",30578,"OPN1",4,"open",FALSE
"2034",30578,"OPN2",1,"open",TRUE
"2035",30578,"OPN3",5,"open",FALSE
"2036",30578,"OPN4",4,"open",TRUE
"2037",30578,"OPN5",4,"open",FALSE
"2038",30578,"OPN6",1,"open",TRUE
"2039",30578,"OPN7",5,"open",FALSE
"2040",30578,"OPN8",2,"open",FALSE
"2041",30578,"OPN9",5,"open",FALSE
"2042",30578,"OPN10",2,"open",FALSE
"2043",33920,"EXT1",3,"extra",FALSE
"2044",33920,"EXT2",5,"extra",TRUE
"2045",33920,"EXT3",3,"extra",FALSE
"2046",33920,"EXT4",4,"extra",TRUE
"2047",33920,"EXT5",1,"extra",FALSE
"2048",33920,"EXT6",3,"extra",TRUE
"2049",33920,"EXT7",1,"extra",FALSE
"2050",33920,"EXT8",5,"extra",TRUE
"2051",33920,"EXT9",1,"extra",FALSE
"2052",33920,"EXT10",5,"extra",TRUE
"2053",33920,"EST1",4,"neuro",FALSE
"2054",33920,"EST2",3,"neuro",TRUE
"2055",33920,"EST3",4,"neuro",FALSE
"2056",33920,"EST4",3,"neuro",TRUE
"2057",33920,"EST5",5,"neuro",FALSE
"2058",33920,"EST6",3,"neuro",FALSE
"2059",33920,"EST7",2,"neuro",FALSE
"2060",33920,"EST8",3,"neuro",FALSE
"2061",33920,"EST9",4,"neuro",FALSE
"2062",33920,"EST10",2,"neuro",FALSE
"2063",33920,"AGR1",2,"agree",TRUE
"2064",33920,"AGR2",3,"agree",FALSE
"2065",33920,"AGR3",1,"agree",TRUE
"2066",33920,"AGR4",4,"agree",FALSE
"2067",33920,"AGR5",2,"agree",TRUE
"2068",33920,"AGR6",5,"agree",FALSE
"2069",33920,"AGR7",3,"agree",TRUE
"2070",33920,"AGR8",5,"agree",FALSE
"2071",33920,"AGR9",4,"agree",FALSE
"2072",33920,"AGR10",5,"agree",FALSE
"2073",33920,"CSN1",4,"consc",FALSE
"2074",33920,"CSN2",2,"consc",TRUE
"2075",33920,"CSN3",5,"consc",FALSE
"2076",33920,"CSN4",3,"consc",TRUE
"2077",33920,"CSN5",3,"consc",FALSE
"2078",33920,"CSN6",3,"consc",TRUE
"2079",33920,"CSN7",3,"consc",FALSE
"2080",33920,"CSN8",2,"consc",TRUE
"2081",33920,"CSN9",4,"consc",FALSE
"2082",33920,"CSN10",3,"consc",FALSE
"2083",33920,"OPN1",3,"open",FALSE
"2084",33920,"OPN2",2,"open",TRUE
"2085",33920,"OPN3",4,"open",FALSE
"2086",33920,"OPN4",2,"open",TRUE
"2087",33920,"OPN5",3,"open",FALSE
"2088",33920,"OPN6",1,"open",TRUE
"2089",33920,"OPN7",4,"open",FALSE
"2090",33920,"OPN8",1,"open",FALSE
"2091",33920,"OPN9",4,"open",FALSE
"2092",33920,"OPN10",3,"open",FALSE
"2093",34493,"EXT1",2,"extra",FALSE
"2094",34493,"EXT2",4,"extra",TRUE
"2095",34493,"EXT3",3,"extra",FALSE
"2096",34493,"EXT4",4,"extra",TRUE
"2097",34493,"EXT5",2,"extra",FALSE
"2098",34493,"EXT6",5,"extra",TRUE
"2099",34493,"EXT7",2,"extra",FALSE
"2100",34493,"EXT8",4,"extra",TRUE
"2101",34493,"EXT9",2,"extra",FALSE
"2102",34493,"EXT10",4,"extra",TRUE
"2103",34493,"EST1",4,"neuro",FALSE
"2104",34493,"EST2",4,"neuro",TRUE
"2105",34493,"EST3",5,"neuro",FALSE
"2106",34493,"EST4",2,"neuro",TRUE
"2107",34493,"EST5",3,"neuro",FALSE
"2108",34493,"EST6",3,"neuro",FALSE
"2109",34493,"EST7",4,"neuro",FALSE
"2110",34493,"EST8",3,"neuro",FALSE
"2111",34493,"EST9",3,"neuro",FALSE
"2112",34493,"EST10",3,"neuro",FALSE
"2113",34493,"AGR1",2,"agree",TRUE
"2114",34493,"AGR2",3,"agree",FALSE
"2115",34493,"AGR3",1,"agree",TRUE
"2116",34493,"AGR4",3,"agree",FALSE
"2117",34493,"AGR5",4,"agree",TRUE
"2118",34493,"AGR6",4,"agree",FALSE
"2119",34493,"AGR7",3,"agree",TRUE
"2120",34493,"AGR8",4,"agree",FALSE
"2121",34493,"AGR9",3,"agree",FALSE
"2122",34493,"AGR10",4,"agree",FALSE
"2123",34493,"CSN1",3,"consc",FALSE
"2124",34493,"CSN2",3,"consc",TRUE
"2125",34493,"CSN3",5,"consc",FALSE
"2126",34493,"CSN4",4,"consc",TRUE
"2127",34493,"CSN5",1,"consc",FALSE
"2128",34493,"CSN6",4,"consc",TRUE
"2129",34493,"CSN7",4,"consc",FALSE
"2130",34493,"CSN8",3,"consc",TRUE
"2131",34493,"CSN9",3,"consc",FALSE
"2132",34493,"CSN10",3,"consc",FALSE
"2133",34493,"OPN1",2,"open",FALSE
"2134",34493,"OPN2",3,"open",TRUE
"2135",34493,"OPN3",1,"open",FALSE
"2136",34493,"OPN4",3,"open",TRUE
"2137",34493,"OPN5",4,"open",FALSE
"2138",34493,"OPN6",3,"open",TRUE
"2139",34493,"OPN7",4,"open",FALSE
"2140",34493,"OPN8",3,"open",FALSE
"2141",34493,"OPN9",4,"open",FALSE
"2142",34493,"OPN10",3,"open",FALSE
"2143",34496,"EXT1",3,"extra",FALSE
"2144",34496,"EXT2",3,"extra",TRUE
"2145",34496,"EXT3",2,"extra",FALSE
"2146",34496,"EXT4",3,"extra",TRUE
"2147",34496,"EXT5",4,"extra",FALSE
"2148",34496,"EXT6",2,"extra",TRUE
"2149",34496,"EXT7",2,"extra",FALSE
"2150",34496,"EXT8",3,"extra",TRUE
"2151",34496,"EXT9",4,"extra",FALSE
"2152",34496,"EXT10",3,"extra",TRUE
"2153",34496,"EST1",5,"neuro",FALSE
"2154",34496,"EST2",3,"neuro",TRUE
"2155",34496,"EST3",5,"neuro",FALSE
"2156",34496,"EST4",1,"neuro",TRUE
"2157",34496,"EST5",4,"neuro",FALSE
"2158",34496,"EST6",5,"neuro",FALSE
"2159",34496,"EST7",5,"neuro",FALSE
"2160",34496,"EST8",5,"neuro",FALSE
"2161",34496,"EST9",5,"neuro",FALSE
"2162",34496,"EST10",5,"neuro",FALSE
"2163",34496,"AGR1",1,"agree",TRUE
"2164",34496,"AGR2",3,"agree",FALSE
"2165",34496,"AGR3",2,"agree",TRUE
"2166",34496,"AGR4",5,"agree",FALSE
"2167",34496,"AGR5",2,"agree",TRUE
"2168",34496,"AGR6",5,"agree",FALSE
"2169",34496,"AGR7",2,"agree",TRUE
"2170",34496,"AGR9",4,"agree",FALSE
"2171",34496,"AGR10",4,"agree",FALSE
"2172",34496,"CSN1",3,"consc",FALSE
"2173",34496,"CSN2",3,"consc",TRUE
"2174",34496,"CSN3",5,"consc",FALSE
"2175",34496,"CSN4",2,"consc",TRUE
"2176",34496,"CSN5",4,"consc",FALSE
"2177",34496,"CSN6",1,"consc",TRUE
"2178",34496,"CSN7",5,"consc",FALSE
"2179",34496,"CSN8",3,"consc",TRUE
"2180",34496,"CSN9",4,"consc",FALSE
"2181",34496,"CSN10",3,"consc",FALSE
"2182",34496,"OPN1",4,"open",FALSE
"2183",34496,"OPN2",2,"open",TRUE
"2184",34496,"OPN3",4,"open",FALSE
"2185",34496,"OPN4",2,"open",TRUE
"2186",34496,"OPN5",3,"open",FALSE
"2187",34496,"OPN6",2,"open",TRUE
"2188",34496,"OPN7",4,"open",FALSE
"2189",34496,"OPN8",3,"open",FALSE
"2190",34496,"OPN9",5,"open",FALSE
"2191",34496,"OPN10",2,"open",FALSE
"2192",34589,"EXT1",1,"extra",FALSE
"2193",34589,"EXT2",1,"extra",TRUE
"2194",34589,"EXT3",3,"extra",FALSE
"2195",34589,"EXT4",2,"extra",TRUE
"2196",34589,"EXT5",5,"extra",FALSE
"2197",34589,"EXT6",3,"extra",TRUE
"2198",34589,"EXT7",3,"extra",FALSE
"2199",34589,"EXT8",1,"extra",TRUE
"2200",34589,"EXT9",1,"extra",FALSE
"2201",34589,"EXT10",1,"extra",TRUE
"2202",34589,"EST1",5,"neuro",FALSE
"2203",34589,"EST2",1,"neuro",TRUE
"2204",34589,"EST3",5,"neuro",FALSE
"2205",34589,"EST4",3,"neuro",TRUE
"2206",34589,"EST5",4,"neuro",FALSE
"2207",34589,"EST6",5,"neuro",FALSE
"2208",34589,"EST7",3,"neuro",FALSE
"2209",34589,"EST8",3,"neuro",FALSE
"2210",34589,"EST9",5,"neuro",FALSE
"2211",34589,"EST10",4,"neuro",FALSE
"2212",34589,"AGR1",1,"agree",TRUE
"2213",34589,"AGR2",5,"agree",FALSE
"2214",34589,"AGR3",1,"agree",TRUE
"2215",34589,"AGR4",5,"agree",FALSE
"2216",34589,"AGR5",1,"agree",TRUE
"2217",34589,"AGR6",4,"agree",FALSE
"2218",34589,"AGR7",3,"agree",TRUE
"2219",34589,"AGR8",2,"agree",FALSE
"2220",34589,"AGR9",5,"agree",FALSE
"2221",34589,"AGR10",5,"agree",FALSE
"2222",34589,"CSN1",4,"consc",FALSE
"2223",34589,"CSN2",1,"consc",TRUE
"2224",34589,"CSN3",5,"consc",FALSE
"2225",34589,"CSN4",3,"consc",TRUE
"2226",34589,"CSN5",4,"consc",FALSE
"2227",34589,"CSN6",3,"consc",TRUE
"2228",34589,"CSN7",2,"consc",FALSE
"2229",34589,"CSN8",3,"consc",TRUE
"2230",34589,"CSN9",5,"consc",FALSE
"2231",34589,"CSN10",2,"consc",FALSE
"2232",34589,"OPN1",3,"open",FALSE
"2233",34589,"OPN2",2,"open",TRUE
"2234",34589,"OPN3",4,"open",FALSE
"2235",34589,"OPN4",2,"open",TRUE
"2236",34589,"OPN5",5,"open",FALSE
"2237",34589,"OPN6",2,"open",TRUE
"2238",34589,"OPN7",5,"open",FALSE
"2239",34589,"OPN8",2,"open",FALSE
"2240",34589,"OPN9",5,"open",FALSE
"2241",34589,"OPN10",5,"open",FALSE
"2242",37688,"EXT1",3,"extra",FALSE
"2243",37688,"EXT2",2,"extra",TRUE
"2244",37688,"EXT3",4,"extra",FALSE
"2245",37688,"EXT4",4,"extra",TRUE
"2246",37688,"EXT5",3,"extra",FALSE
"2247",37688,"EXT6",1,"extra",TRUE
"2248",37688,"EXT7",3,"extra",FALSE
"2249",37688,"EXT8",3,"extra",TRUE
"2250",37688,"EXT9",4,"extra",FALSE
"2251",37688,"EXT10",4,"extra",TRUE
"2252",37688,"EST1",4,"neuro",FALSE
"2253",37688,"EST2",2,"neuro",TRUE
"2254",37688,"EST3",4,"neuro",FALSE
"2255",37688,"EST4",2,"neuro",TRUE
"2256",37688,"EST5",1,"neuro",FALSE
"2257",37688,"EST6",2,"neuro",FALSE
"2258",37688,"EST7",2,"neuro",FALSE
"2259",37688,"EST8",1,"neuro",FALSE
"2260",37688,"EST9",2,"neuro",FALSE
"2261",37688,"EST10",3,"neuro",FALSE
"2262",37688,"AGR1",1,"agree",TRUE
"2263",37688,"AGR2",5,"agree",FALSE
"2264",37688,"AGR3",2,"agree",TRUE
"2265",37688,"AGR4",5,"agree",FALSE
"2266",37688,"AGR5",1,"agree",TRUE
"2267",37688,"AGR6",4,"agree",FALSE
"2268",37688,"AGR7",1,"agree",TRUE
"2269",37688,"AGR8",4,"agree",FALSE
"2270",37688,"AGR9",4,"agree",FALSE
"2271",37688,"AGR10",4,"agree",FALSE
"2272",37688,"CSN1",3,"consc",FALSE
"2273",37688,"CSN2",4,"consc",TRUE
"2274",37688,"CSN3",4,"consc",FALSE
"2275",37688,"CSN4",3,"consc",TRUE
"2276",37688,"CSN5",2,"consc",FALSE
"2277",37688,"CSN6",3,"consc",TRUE
"2278",37688,"CSN7",3,"consc",FALSE
"2279",37688,"CSN8",3,"consc",TRUE
"2280",37688,"CSN9",3,"consc",FALSE
"2281",37688,"CSN10",5,"consc",FALSE
"2282",37688,"OPN1",5,"open",FALSE
"2283",37688,"OPN2",1,"open",TRUE
"2284",37688,"OPN3",5,"open",FALSE
"2285",37688,"OPN4",1,"open",TRUE
"2286",37688,"OPN5",5,"open",FALSE
"2287",37688,"OPN6",1,"open",TRUE
"2288",37688,"OPN7",3,"open",FALSE
"2289",37688,"OPN8",4,"open",FALSE
"2290",37688,"OPN9",5,"open",FALSE
"2291",37688,"OPN10",5,"open",FALSE
"2292",37939,"EXT1",3,"extra",FALSE
"2293",37939,"EXT2",2,"extra",TRUE
"2294",37939,"EXT3",2,"extra",FALSE
"2295",37939,"EXT4",2,"extra",TRUE
"2296",37939,"EXT5",2,"extra",FALSE
"2297",37939,"EXT6",4,"extra",TRUE
"2298",37939,"EXT7",2,"extra",FALSE
"2299",37939,"EXT8",4,"extra",TRUE
"2300",37939,"EXT9",2,"extra",FALSE
"2301",37939,"EXT10",5,"extra",TRUE
"2302",37939,"EST1",1,"neuro",FALSE
"2303",37939,"EST2",5,"neuro",TRUE
"2304",37939,"EST3",4,"neuro",FALSE
"2305",37939,"EST4",3,"neuro",TRUE
"2306",37939,"EST5",1,"neuro",FALSE
"2307",37939,"EST6",1,"neuro",FALSE
"2308",37939,"EST7",2,"neuro",FALSE
"2309",37939,"EST8",2,"neuro",FALSE
"2310",37939,"EST9",3,"neuro",FALSE
"2311",37939,"EST10",2,"neuro",FALSE
"2312",37939,"AGR1",4,"agree",TRUE
"2313",37939,"AGR2",2,"agree",FALSE
"2314",37939,"AGR3",3,"agree",TRUE
"2315",37939,"AGR4",2,"agree",FALSE
"2316",37939,"AGR5",4,"agree",TRUE
"2317",37939,"AGR6",2,"agree",FALSE
"2318",37939,"AGR7",3,"agree",TRUE
"2319",37939,"AGR8",3,"agree",FALSE
"2320",37939,"AGR9",2,"agree",FALSE
"2321",37939,"AGR10",4,"agree",FALSE
"2322",37939,"CSN1",2,"consc",FALSE
"2323",37939,"CSN2",3,"consc",TRUE
"2324",37939,"CSN3",4,"consc",FALSE
"2325",37939,"CSN4",3,"consc",TRUE
"2326",37939,"CSN5",1,"consc",FALSE
"2327",37939,"CSN6",2,"consc",TRUE
"2328",37939,"CSN7",3,"consc",FALSE
"2329",37939,"CSN8",3,"consc",TRUE
"2330",37939,"CSN9",1,"consc",FALSE
"2331",37939,"CSN10",3,"consc",FALSE
"2332",37939,"OPN1",4,"open",FALSE
"2333",37939,"OPN2",2,"open",TRUE
"2334",37939,"OPN3",4,"open",FALSE
"2335",37939,"OPN4",2,"open",TRUE
"2336",37939,"OPN5",3,"open",FALSE
"2337",37939,"OPN6",2,"open",TRUE
"2338",37939,"OPN7",5,"open",FALSE
"2339",37939,"OPN8",3,"open",FALSE
"2340",37939,"OPN9",2,"open",FALSE
"2341",37939,"OPN10",3,"open",FALSE
"2342",38983,"EXT1",2,"extra",FALSE
"2343",38983,"EXT2",2,"extra",TRUE
"2344",38983,"EXT3",2,"extra",FALSE
"2345",38983,"EXT4",3,"extra",TRUE
"2346",38983,"EXT5",2,"extra",FALSE
"2347",38983,"EXT6",1,"extra",TRUE
"2348",38983,"EXT7",2,"extra",FALSE
"2349",38983,"EXT8",4,"extra",TRUE
"2350",38983,"EXT9",2,"extra",FALSE
"2351",38983,"EXT10",4,"extra",TRUE
"2352",38983,"EST1",2,"neuro",FALSE
"2353",38983,"EST2",2,"neuro",TRUE
"2354",38983,"EST3",2,"neuro",FALSE
"2355",38983,"EST4",4,"neuro",TRUE
"2356",38983,"EST5",4,"neuro",FALSE
"2357",38983,"EST6",2,"neuro",FALSE
"2358",38983,"EST7",2,"neuro",FALSE
"2359",38983,"EST8",2,"neuro",FALSE
"2360",38983,"EST9",4,"neuro",FALSE
"2361",38983,"EST10",1,"neuro",FALSE
"2362",38983,"AGR1",2,"agree",TRUE
"2363",38983,"AGR2",4,"agree",FALSE
"2364",38983,"AGR3",2,"agree",TRUE
"2365",38983,"AGR4",2,"agree",FALSE
"2366",38983,"AGR5",2,"agree",TRUE
"2367",38983,"AGR6",2,"agree",FALSE
"2368",38983,"AGR7",2,"agree",TRUE
"2369",38983,"AGR8",4,"agree",FALSE
"2370",38983,"AGR9",2,"agree",FALSE
"2371",38983,"AGR10",4,"agree",FALSE
"2372",38983,"CSN1",2,"consc",FALSE
"2373",38983,"CSN2",4,"consc",TRUE
"2374",38983,"CSN3",5,"consc",FALSE
"2375",38983,"CSN4",4,"consc",TRUE
"2376",38983,"CSN5",1,"consc",FALSE
"2377",38983,"CSN6",4,"consc",TRUE
"2378",38983,"CSN7",4,"consc",FALSE
"2379",38983,"CSN8",4,"consc",TRUE
"2380",38983,"CSN9",2,"consc",FALSE
"2381",38983,"CSN10",4,"consc",FALSE
"2382",38983,"OPN1",4,"open",FALSE
"2383",38983,"OPN2",4,"open",TRUE
"2384",38983,"OPN3",4,"open",FALSE
"2385",38983,"OPN4",2,"open",TRUE
"2386",38983,"OPN5",4,"open",FALSE
"2387",38983,"OPN6",2,"open",TRUE
"2388",38983,"OPN7",4,"open",FALSE
"2389",38983,"OPN8",4,"open",FALSE
"2390",38983,"OPN9",4,"open",FALSE
"2391",38983,"OPN10",4,"open",FALSE
"2392",39804,"EXT1",4,"extra",FALSE
"2393",39804,"EXT2",2,"extra",TRUE
"2394",39804,"EXT3",2,"extra",FALSE
"2395",39804,"EXT4",3,"extra",TRUE
"2396",39804,"EXT5",4,"extra",FALSE
"2397",39804,"EXT6",3,"extra",TRUE
"2398",39804,"EXT7",1,"extra",FALSE
"2399",39804,"EXT8",3,"extra",TRUE
"2400",39804,"EXT9",4,"extra",FALSE
"2401",39804,"EXT10",4,"extra",TRUE
"2402",39804,"EST1",3,"neuro",FALSE
"2403",39804,"EST2",5,"neuro",TRUE
"2404",39804,"EST3",3,"neuro",FALSE
"2405",39804,"EST4",3,"neuro",TRUE
"2406",39804,"EST5",4,"neuro",FALSE
"2407",39804,"EST6",2,"neuro",FALSE
"2408",39804,"EST7",3,"neuro",FALSE
"2409",39804,"EST8",2,"neuro",FALSE
"2410",39804,"EST9",4,"neuro",FALSE
"2411",39804,"EST10",2,"neuro",FALSE
"2412",39804,"AGR1",2,"agree",TRUE
"2413",39804,"AGR2",4,"agree",FALSE
"2414",39804,"AGR3",2,"agree",TRUE
"2415",39804,"AGR4",5,"agree",FALSE
"2416",39804,"AGR5",2,"agree",TRUE
"2417",39804,"AGR6",4,"agree",FALSE
"2418",39804,"AGR7",2,"agree",TRUE
"2419",39804,"AGR8",4,"agree",FALSE
"2420",39804,"AGR9",4,"agree",FALSE
"2421",39804,"AGR10",3,"agree",FALSE
"2422",39804,"CSN1",4,"consc",FALSE
"2423",39804,"CSN2",1,"consc",TRUE
"2424",39804,"CSN3",5,"consc",FALSE
"2425",39804,"CSN4",2,"consc",TRUE
"2426",39804,"CSN5",3,"consc",FALSE
"2427",39804,"CSN6",2,"consc",TRUE
"2428",39804,"CSN7",4,"consc",FALSE
"2429",39804,"CSN8",1,"consc",TRUE
"2430",39804,"CSN9",3,"consc",FALSE
"2431",39804,"CSN10",5,"consc",FALSE
"2432",39804,"OPN1",4,"open",FALSE
"2433",39804,"OPN2",2,"open",TRUE
"2434",39804,"OPN3",2,"open",FALSE
"2435",39804,"OPN4",2,"open",TRUE
"2436",39804,"OPN5",2,"open",FALSE
"2437",39804,"OPN6",3,"open",TRUE
"2438",39804,"OPN7",3,"open",FALSE
"2439",39804,"OPN8",3,"open",FALSE
"2440",39804,"OPN9",4,"open",FALSE
"2441",39804,"OPN10",3,"open",FALSE
"2442",41149,"EXT1",2,"extra",FALSE
"2443",41149,"EXT2",4,"extra",TRUE
"2444",41149,"EXT3",3,"extra",FALSE
"2445",41149,"EXT4",4,"extra",TRUE
"2446",41149,"EXT5",3,"extra",FALSE
"2447",41149,"EXT6",4,"extra",TRUE
"2448",41149,"EXT7",2,"extra",FALSE
"2449",41149,"EXT8",4,"extra",TRUE
"2450",41149,"EXT9",3,"extra",FALSE
"2451",41149,"EXT10",5,"extra",TRUE
"2452",41149,"EST1",5,"neuro",FALSE
"2453",41149,"EST2",3,"neuro",TRUE
"2454",41149,"EST3",5,"neuro",FALSE
"2455",41149,"EST4",3,"neuro",TRUE
"2456",41149,"EST5",3,"neuro",FALSE
"2457",41149,"EST6",4,"neuro",FALSE
"2458",41149,"EST7",3,"neuro",FALSE
"2459",41149,"EST8",3,"neuro",FALSE
"2460",41149,"EST9",4,"neuro",FALSE
"2461",41149,"EST10",3,"neuro",FALSE
"2462",41149,"AGR1",1,"agree",TRUE
"2463",41149,"AGR2",3,"agree",FALSE
"2464",41149,"AGR3",2,"agree",TRUE
"2465",41149,"AGR4",3,"agree",FALSE
"2466",41149,"AGR5",2,"agree",TRUE
"2467",41149,"AGR6",4,"agree",FALSE
"2468",41149,"AGR7",2,"agree",TRUE
"2469",41149,"AGR8",4,"agree",FALSE
"2470",41149,"AGR9",3,"agree",FALSE
"2471",41149,"AGR10",3,"agree",FALSE
"2472",41149,"CSN1",5,"consc",FALSE
"2473",41149,"CSN2",2,"consc",TRUE
"2474",41149,"CSN3",4,"consc",FALSE
"2475",41149,"CSN4",2,"consc",TRUE
"2476",41149,"CSN5",3,"consc",FALSE
"2477",41149,"CSN6",3,"consc",TRUE
"2478",41149,"CSN7",4,"consc",FALSE
"2479",41149,"CSN8",2,"consc",TRUE
"2480",41149,"CSN9",3,"consc",FALSE
"2481",41149,"CSN10",4,"consc",FALSE
"2482",41149,"OPN1",4,"open",FALSE
"2483",41149,"OPN2",3,"open",TRUE
"2484",41149,"OPN3",4,"open",FALSE
"2485",41149,"OPN4",2,"open",TRUE
"2486",41149,"OPN5",4,"open",FALSE
"2487",41149,"OPN6",2,"open",TRUE
"2488",41149,"OPN7",3,"open",FALSE
"2489",41149,"OPN8",2,"open",FALSE
"2490",41149,"OPN9",4,"open",FALSE
"2491",41149,"OPN10",3,"open",FALSE
